title,url,category,source,source_site
Kyrgios 'cooked' as he labours and loses in first match since March,https://www.abc.net.au/news/2025-07-22/nick-kyrgios-gael-monfils-doubles-return-to-tennis/105557724,sport,https://www.abc.net.au/news/sport,abc
"The path to hell is up, not down, on this Tour de France climb with a deadly history",https://www.abc.net.au/news/2025-07-22/tour-de-france-mont-ventoux-most-famous-climbs/105500342,sport,https://www.abc.net.au/news/sport,abc
Kevin Walters earns major endorsement for Kangaroos coaching job,https://www.abc.net.au/news/2025-07-22/isaah-yeo-kevin-walters-kangaroos-coach/105557654,sport,https://www.abc.net.au/news/sport,abc
Swan becomes latest AFL player cited over homophobic slur,https://www.abc.net.au/news/2025-07-21/afl-riak-andrew-cited-homophobic-slur-investigation-swans/105556812,sport,https://www.abc.net.au/news/sport,abc
'Everyone stands around and waits': New AFL boss reveals plan to speed up game,https://www.abc.net.au/news/2025-07-21/afl-greg-swann-quarter-lengths-rule-changes-bounce/105556014,sport,https://www.abc.net.au/news/sport,abc
Perth dancer makes Dallas Cowboys cheerleading team after 'cutthroat' process,https://www.abc.net.au/news/2025-07-21/perth-dancer-faith-ward-makes-dallas-cowboys-cheerleaders/105556478,sport,https://www.abc.net.au/news/sport,abc
FIFA boss offers support as England star quits social media over 'hate crime',https://www.abc.net.au/news/2025-07-21/football-jess-carter-racist-abuse-infantino-fifa-support/105556750,sport,https://www.abc.net.au/news/sport,abc
"Aussies claim T20 victory over West Indies after Dwarshuis, Owen heroics",https://www.abc.net.au/news/2025-07-21/west-indies-vs-australia-first-t20i-in-kingston-jamaica/105554108,sport,https://www.abc.net.au/news/sport,abc
Farmer and former AFL draftee Joseph Dare banned from owning cattle,https://www.abc.net.au/news/rural/2025-07-21/animal-cruelty-cattle-colac-joseph-dare/105547422,sport,https://www.abc.net.au/news/sport,abc
Meet the Canberrans in Australia's national dragon boating team,https://www.abc.net.au/news/sport,sport,https://www.abc.net.au/news/sport,abc
Traditional rugby league match breaks down barriers in NAIDOC week.,https://www.abc.net.au/news/sport,sport,https://www.abc.net.au/news/sport,abc
Aussie takes third place in US hot dog eating contest,https://www.abc.net.au/news/sport,sport,https://www.abc.net.au/news/sport,abc
Crash site where Liverpool player Diogo Jota and his brother died,https://www.abc.net.au/news/sport,sport,https://www.abc.net.au/news/sport,abc
Liverpool fans gather outside Anfield to pay tribute to Diogo Jota,https://www.abc.net.au/news/sport,sport,https://www.abc.net.au/news/sport,abc
Ghanaian-Australian AFL players making their mark in the league.,https://www.abc.net.au/news/sport,sport,https://www.abc.net.au/news/sport,abc
Billy Slater apologises for referencing Paul Green's death,https://www.abc.net.au/news/sport,sport,https://www.abc.net.au/news/sport,abc
Emotional Billy Slater responds to Aaron Woods's comments.,https://www.abc.net.au/news/sport,sport,https://www.abc.net.au/news/sport,abc
Professor Scolyer crosses the finish line for his 250th Parkrun,https://www.abc.net.au/news/sport,sport,https://www.abc.net.au/news/sport,abc
Political upheaval sparks concerns over the future of Tasmania's AFL team dream,https://www.abc.net.au/news/sport,sport,https://www.abc.net.au/news/sport,abc
Meet the Canberrans in Australia's national dragon boating team,https://www.abc.net.au/news/sport,sport,https://www.abc.net.au/news/sport,abc
Traditional rugby league match breaks down barriers in NAIDOC week.,https://www.abc.net.au/news/sport,sport,https://www.abc.net.au/news/sport,abc
Aussie takes third place in US hot dog eating contest,https://www.abc.net.au/news/sport,sport,https://www.abc.net.au/news/sport,abc
Crash site where Liverpool player Diogo Jota and his brother died,https://www.abc.net.au/news/sport,sport,https://www.abc.net.au/news/sport,abc
Liverpool fans gather outside Anfield to pay tribute to Diogo Jota,https://www.abc.net.au/news/sport,sport,https://www.abc.net.au/news/sport,abc
Ghanaian-Australian AFL players making their mark in the league.,https://www.abc.net.au/news/sport,sport,https://www.abc.net.au/news/sport,abc
Billy Slater apologises for referencing Paul Green's death,https://www.abc.net.au/news/sport,sport,https://www.abc.net.au/news/sport,abc
Emotional Billy Slater responds to Aaron Woods's comments.,https://www.abc.net.au/news/sport,sport,https://www.abc.net.au/news/sport,abc
Professor Scolyer crosses the finish line for his 250th Parkrun,https://www.abc.net.au/news/sport,sport,https://www.abc.net.au/news/sport,abc
Political upheaval sparks concerns over the future of Tasmania's AFL team dream,https://www.abc.net.au/news/sport,sport,https://www.abc.net.au/news/sport,abc
InZane RL - Will Cameron Munster earn $2 million per season at the Perth Bears?,https://www.abc.net.au/listen/programs/best-of-abc-sport-podcast/inzane-rl-can-pvl-top-the-afl-s-broadcast-deal-/105556134,sport,https://www.abc.net.au/news/sport,abc
What do Nathan Ellis and Scott Boland have in common?,https://www.abc.net.au/listen/programs/the-grandstand-cricket-podcast/what-do-nathan-ellis-and-scott-boland-have-in-common-/105555854,sport,https://www.abc.net.au/news/sport,abc
The case for Tim Tszyu to retire,https://www.abc.net.au/listen/programs/abc-sport-daily/tim-tszyu-retire/105555660,sport,https://www.abc.net.au/news/sport,abc
Six More - Cooked chooks,https://www.abc.net.au/listen/programs/abc-nrl-daily/six-more-july21/105553962,sport,https://www.abc.net.au/news/sport,abc
Denis Carnahan's Song of the Week: Zac!,https://www.abc.net.au/listen/programs/abc-nrl-daily/denis-carnahan-s-song-of-the-week-zac-/105552690,sport,https://www.abc.net.au/news/sport,abc
Royce Simmons: We're crying out for all Rugby League supporters to get on board,https://www.abc.net.au/listen/programs/abc-nrl-daily/royce-simmons-we-re-crying-out-for-all-rugby-league-supporters-t/105552664,sport,https://www.abc.net.au/news/sport,abc
AFL Sunday: 'I reckon he'll get 4 or 5 weeks',https://www.abc.net.au/listen/programs/abc-afl-daily/afl-sunday/105552390,sport,https://www.abc.net.au/news/sport,abc
Craig Fitzgibbon: I think we've been playing some flimsy footy,https://www.abc.net.au/listen/programs/abc-nrl-daily/craig-fitzgibbon-i-think-we-ve-been-playing-some-flimsy-footy/105550592,sport,https://www.abc.net.au/news/sport,abc
ABC SPORT DAILY,https://www.abc.net.au/listen/programs/abc-sport-daily/,sport,https://www.abc.net.au/news/sport,abc
ABC AFL Daily,https://www.abc.net.au/listen/programs/abc-afl-daily,sport,https://www.abc.net.au/news/sport,abc
ABC NRL Daily,https://www.abc.net.au/listen/programs/abc-nrl-daily/,sport,https://www.abc.net.au/news/sport,abc
The Grandstand Cricket Podcast,https://www.abc.net.au/listen/programs/the-grandstand-cricket-podcast,sport,https://www.abc.net.au/news/sport,abc
School of Sport Podcast,https://www.abc.net.au/listen/programs/theminefield/school-of-sport/104950760,sport,https://www.abc.net.au/news/sport,abc
The ABC Tennis Podcast,https://www.abc.net.au/listen/programs/the-abc-tennis-podcast,sport,https://www.abc.net.au/news/sport,abc
Roy & HG: Bludging on the Blindside,https://abclisten.page.link/fayR52NsPHvD4FjQ9,sport,https://www.abc.net.au/news/sport,abc
In-Zane Rugby League,https://www.abc.net.au/pacific/programs/in-zane-rugby-league,sport,https://www.abc.net.au/news/sport,abc
Nesian Footy,https://www.abc.net.au/pacific/programs/nesian-footy,sport,https://www.abc.net.au/news/sport,abc
Best of ABC Sport,https://www.abc.net.au/radio/programs/best-of-abc-sport-podcast/,sport,https://www.abc.net.au/news/sport,abc
Fresh Off The Field,https://www.abc.net.au/pacific/programs/fresh-off-the-field,sport,https://www.abc.net.au/news/sport,abc
Scottie Scheffler's search for meaning carries him to Tiger's stratosphere,https://www.abc.net.au/news/2025-07-21/scottie-scheffler-open-championship-tiger-woods-royal-portrush/105552106,sport,https://www.abc.net.au/news/sport,abc
"Tszyu no longer at boxing's crossroad, with the path painfully clear",https://www.abc.net.au/news/2025-07-20/tim-tszyu-no-longer-at-a-crossroads-the-path-is-clear/105552642,sport,https://www.abc.net.au/news/sport,abc
Lions show Wallabies how far they still have to go to be competitive again,https://www.abc.net.au/news/2025-07-19/wallabies-british-and-irish-lions-first-test-brisbane/105550284,sport,https://www.abc.net.au/news/sport,abc
Talk is cheap. The Lions now need to back it up,https://www.abc.net.au/news/2025-07-18/british-and-irish-lions-ready-for-tests/105525370,sport,https://www.abc.net.au/news/sport,abc
"When the Lions first came to Australia, over half their games were Aussie Rules",https://www.abc.net.au/news/2025-07-12/british-and-irish-lions-played-victorian-rules-football/105291494,sport,https://www.abc.net.au/news/sport,abc
'Huge dysphoria': First current AFLW player undergoes top surgery,https://www.abc.net.au/news/2025-06-20/tilly-lucas-rodd-top-surgery-first-aflw-player/105432144,sport,https://www.abc.net.au/news/sport,abc
"This man took 4 days off the trans-Australia run record, but some have questions",https://www.abc.net.au/news/2025-05-21/why-has-william-goodge-s-trans-australia-run-turned-toxic/105313388,sport,https://www.abc.net.au/news/sport,abc
"The rise, fall and remaking of the greatest rookie in NRL history",https://www.abc.net.au/news/2025-05-11/tim-smith-nrl-parramatta-eels-2005-try-assist-record/105260356,sport,https://www.abc.net.au/news/sport,abc
Staggs addresses fiery Walsh clash amid Broncos hot streak,https://www.abc.net.au/news/2025-07-21/rugby-league-nrl-staggs-walsh-clash-broncos/105555316,sport,https://www.abc.net.au/news/sport,abc
"Venus Williams is back on tour, and wishes Serena was too",https://www.abc.net.au/news/2025-07-21/venus-williams-back-on-tour-wishes-serena-come-out-retirement/105554142,sport,https://www.abc.net.au/news/sport,abc
Opals triumph as Australia beats Japan to win Asia Cup for first time,https://www.abc.net.au/news/2025-07-21/opals-triumph-australia-beats-japan-win-asia-cup-for-first-time/105553736,sport,https://www.abc.net.au/news/sport,abc
Scottie Scheffler's search for meaning carries him to Tiger's stratosphere,https://www.abc.net.au/news/2025-07-21/scottie-scheffler-open-championship-tiger-woods-royal-portrush/105552106,sport,https://www.abc.net.au/news/sport,abc
Alaphilippe celebrates Tour stage win — only to find he's third,https://www.abc.net.au/news/2025-07-21/tour-de-france-stage-15-alaphilippe-celebrates-finds-he-is-third/105552862,sport,https://www.abc.net.au/news/sport,abc
Alarming climate data shows 'existential threat' facing cricket,https://www.abc.net.au/news/2025-07-22/cricket-climate-change-report-hit-for-six/105554224,sport,https://www.abc.net.au/news/sport,abc
"Aussies claim T20 victory over West Indies after Dwarshuis, Owen heroics",https://www.abc.net.au/news/2025-07-21/west-indies-vs-australia-first-t20i-in-kingston-jamaica/105554108,sport,https://www.abc.net.au/news/sport,abc
The West Indies tour was supposed to show us the way forward — then it didn't,https://www.abc.net.au/news/2025-07-16/australia-batting-west-indies-ashes-sam-konstas-cameron-green/105536848,sport,https://www.abc.net.au/news/sport,abc
The records that tumbled on a remarkable day of Test cricket in Jamaica,https://www.abc.net.au/news/2025-07-15/boland-starc-records-in-australia-test-win-over-west-indies/105532504,sport,https://www.abc.net.au/news/sport,abc
Country footballers desperate for concussion treatment book out clinic,https://www.abc.net.au/news/2025-07-22/bendigo-concussion-clinic-high-demand-for-treatment/105371748,sport,https://www.abc.net.au/news/sport,abc
"Footy, art and culture draw big crowds to Tiwi Islands on grand final day",https://www.abc.net.au/news/2025-07-21/nt-tiwi-islands-football-grand-final-2025-winners-tigers-magpies/105549846,sport,https://www.abc.net.au/news/sport,abc
"Dockers overcome 'ridiculous, selective umpiring' to claim thriller over Pies",https://www.abc.net.au/news/2025-07-20/afl-r19-cats-saints-magpies-dockers-crows-suns-live-blog/105550234,sport,https://www.abc.net.au/news/sport,abc
High praise for Harley Reid amid AFL discipline concerns,https://www.abc.net.au/news/2025-07-20/luke-shuey-high-praise-for-harley-reid-afl-eagles/105550524,sport,https://www.abc.net.au/news/sport,abc
Kevin Walters earns major endorsement for Kangaroos coaching job,https://www.abc.net.au/news/2025-07-22/isaah-yeo-kevin-walters-kangaroos-coach/105557654,sport,https://www.abc.net.au/news/sport,abc
Staggs addresses fiery Walsh clash amid Broncos hot streak,https://www.abc.net.au/news/2025-07-21/rugby-league-nrl-staggs-walsh-clash-broncos/105555316,sport,https://www.abc.net.au/news/sport,abc
'Leka Magic' saves Warriors with miracle last-second try to beat Knights,https://www.abc.net.au/news/2025-07-20/nrl-live-blog-tigers-titans-knights-warriors/105552424,sport,https://www.abc.net.au/news/sport,abc
'Barely a touch': Storm fall short after controversial last-minute penalty,https://www.abc.net.au/news/2025-07-19/nrl-live-blog-raiders-eels-bulldogs-dragons-storm-manly/105550338,sport,https://www.abc.net.au/news/sport,abc
Beale named captain of First Nations and Pasifika XV to face Lions,https://www.abc.net.au/news/2025-07-21/first-nations-and-pasifika-xv-face-british-irish-lions/105552914,sport,https://www.abc.net.au/news/sport,abc
'Big game players' step up for Lions in first Test victory,https://www.abc.net.au/news/2025-07-20/british-and-irish-lions-finn-russell-tom-curry/105551334,sport,https://www.abc.net.au/news/sport,abc
Wallabies to assess damage of Lions Test loss in the 'cold light of day',https://www.abc.net.au/news/2025-07-20/wallabies-british-and-irish-lions-first-test-loss/105551572,sport,https://www.abc.net.au/news/sport,abc
Lions show Wallabies how far they still have to go to be competitive again,https://www.abc.net.au/news/2025-07-19/wallabies-british-and-irish-lions-first-test-brisbane/105550284,sport,https://www.abc.net.au/news/sport,abc
FIFA boss offers support as England star quits social media over 'hate crime',https://www.abc.net.au/news/2025-07-21/football-jess-carter-racist-abuse-infantino-fifa-support/105556750,sport,https://www.abc.net.au/news/sport,abc
Smith becomes first million-pound signing in women's football,https://www.abc.net.au/news/2025-07-18/olivia-smith-first-million-pound-player-in-womens-football/105545550,sport,https://www.abc.net.au/news/sport,abc
Empty seats and big delays mean the World Cup may trouble Trump's USA,https://www.abc.net.au/news/2025-07-16/club-world-cup-in-trumps-america-reveals-fifa-hosting-problems/105524690,sport,https://www.abc.net.au/news/sport,abc
Socceroos door open for Irankunda as English move looms,https://www.abc.net.au/news/2025-07-15/sport-socceroos-door-open-for-nestory-irankunda-for-tony-popovic/105534640,sport,https://www.abc.net.au/news/sport,abc
Kyrgios 'cooked' as he labours and loses in first match since March,https://www.abc.net.au/news/2025-07-22/nick-kyrgios-gael-monfils-doubles-return-to-tennis/105557724,sport,https://www.abc.net.au/news/sport,abc
"Venus Williams is back on tour, and wishes Serena was too",https://www.abc.net.au/news/2025-07-21/venus-williams-back-on-tour-wishes-serena-come-out-retirement/105554142,sport,https://www.abc.net.au/news/sport,abc
Grand slam finalist taking time out to 'rediscover the joy of simply living',https://www.abc.net.au/news/2025-07-18/ons-jabeur-taking-break-from-tennis/105545386,sport,https://www.abc.net.au/news/sport,abc
The secret Wimbledon bet that could keep Aussie in Sinner's team,https://www.abc.net.au/news/2025-07-14/jannick-sinner-darren-cahill-wimbledon/105527950,sport,https://www.abc.net.au/news/sport,abc
Offsiders,https://www.abc.net.au/sport/offsiders/,sport,https://www.abc.net.au/news/sport,abc
Australian Story: Driven — the rise of the Lee siblings,https://iview.abc.net.au/show/australian-story/series/2024/video/NC2402Q003S00,sport,https://www.abc.net.au/news/sport,abc
Sport Documentaries on ABC iview,https://iview.abc.net.au/collection/2700,sport,https://www.abc.net.au/news/sport,abc
Australian Story: Second Innings — Bharat Sundaresan on getting his second chance,https://iview.abc.net.au/show/australian-story/series/2025/video/NC2502Q004S00,sport,https://www.abc.net.au/news/sport,abc
ABC Sport: Documentary — Bradman and Tendulkar,https://iview.abc.net.au/show/bradman-and-tendulkar,sport,https://www.abc.net.au/news/sport,abc
Australian Story: Bowled Over — inside the world of Glenn McGrath,https://iview.abc.net.au/show/australian-story/series/2022/video/NC2202Q001S00,sport,https://www.abc.net.au/news/sport,abc
Australian Story: The Making of Mini — our Katrina Gorry,https://iview.abc.net.au/show/australian-story/series/2024/video/NC2402Q001S00,sport,https://www.abc.net.au/news/sport,abc
That Pacific Sports Show,https://iview.abc.net.au/show/that-pacific-sports-show,sport,https://www.abc.net.au/news/sport,abc
This garden was built on a small budget. Here are the key elements,https://www.abc.net.au/news/2025-07-20/thrifty-adelaide-backyard-garden-tour/105505834,lifestyle,https://www.abc.net.au/news/lifestyle,abc
"A comforting, low-effort blueberry crumble",https://www.abc.net.au/news/2025-07-19/easy-blueberry-crumble-using-frozen-berries/105371838,lifestyle,https://www.abc.net.au/news/lifestyle,abc
What are the rules for storage cages and shared garages in apartments?,https://www.abc.net.au/news/2025-07-18/dos-and-donts-of-storage-cages-in-apartments/105529876,lifestyle,https://www.abc.net.au/news/lifestyle,abc
Putting off a pap smear? Remember your options have changed,https://www.abc.net.au/news/2025-07-18/your-cervical-screening-pap-smear-self-collection-hpv-options/105538678,lifestyle,https://www.abc.net.au/news/lifestyle,abc
Why chocolate could get even more expensive,https://www.abc.net.au/news/2025-07-17/why-chocolate-is-expensive-and-how-long-will-prices-stay-high/105517628,lifestyle,https://www.abc.net.au/news/lifestyle,abc
How becoming a mum helped Turia Pitt appreciate her body,https://www.abc.net.au/news/2025-07-16/how-turia-pitts-body-image-changed-after-birth/105463742,lifestyle,https://www.abc.net.au/news/lifestyle,abc
How I house-sat my way to solo home ownership at 42,https://www.abc.net.au/news/2025-07-16/house-sitting-helped-me-save-money-and-buy-my-own-home/105521184,lifestyle,https://www.abc.net.au/news/lifestyle,abc
What to know about the HECS discount when filing your tax return,https://www.abc.net.au/news/2025-07-15/hecs-help-tax-and-discount-reduction-20-per-cent/105523234,lifestyle,https://www.abc.net.au/news/lifestyle,abc
Eight dinners to make from pantry staples when the fridge is bare,https://www.abc.net.au/news/2025-07-14/easy-pantry-dinners-for-busy-weeknights/105428420,lifestyle,https://www.abc.net.au/news/lifestyle,abc
How accurate and helpful are at-home UTI tests?,https://www.abc.net.au/news/2025-07-10/should-you-buy-an-at-home-uti-test/105507222,lifestyle,https://www.abc.net.au/news/lifestyle,abc
Lucy suffered for a decade with a condition 'neglected for many years',https://www.abc.net.au/news/2025-07-09/nsw-virtual-menopause-perimenopause-hub-women-sydney/105505938,lifestyle,https://www.abc.net.au/news/lifestyle,abc
Should Australia have a babies-for-profit industry? Some think so,https://www.abc.net.au/news/2025-06-28/surrogacy-laws-review-commercial-surrogacy-in-australia/105431798,lifestyle,https://www.abc.net.au/news/lifestyle,abc
US Supreme Court gives states right to defund largest abortion provider,https://www.abc.net.au/news/2025-06-27/supreme-court-rules-on-south-carolina-s-abortion-rule/105466862,lifestyle,https://www.abc.net.au/news/lifestyle,abc
Meet the women on a 'slightly unhinged' cancer support mission,https://www.abc.net.au/news/2025-06-23/shitty-titty-committee-breast-cancer-support-group-busselton/105440982,lifestyle,https://www.abc.net.au/news/lifestyle,abc
School holidays aren't what they used to be — parents and kids are suffering,https://www.abc.net.au/news/2025-07-12/school-holidays-vacation-care-working-parents/105516704,lifestyle,https://www.abc.net.au/news/lifestyle,abc
Does it matter if your child refuses to wear warm clothing in winter?,https://www.abc.net.au/news/2025-07-11/why-it-is-ok-if-your-child-will-not-wear-warm-clothing-winter/105464580,lifestyle,https://www.abc.net.au/news/lifestyle,abc
How 'birdnesting' keeps kids in the family home following a separation,https://www.abc.net.au/news/2025-07-09/how-birdnesting-keeps-kids-in-the-family-home/105407344,lifestyle,https://www.abc.net.au/news/lifestyle,abc
Lessons for Australia from these offline teens and phone-free towns,https://www.abc.net.au/news/2025-07-09/luddites-phone-free-australia-teen-social-media-ban/105343034,lifestyle,https://www.abc.net.au/news/lifestyle,abc
'The messy middle': How our readers balance annual leave and school holidays,https://www.abc.net.au/news/2025-07-08/readers-experiences-managing-leave-and-school-holidays/105493934,lifestyle,https://www.abc.net.au/news/lifestyle,abc
Tea farmers 'cannot cope' as matcha demand surges,https://www.abc.net.au/news/2025-07-16/soaring-matcha-demand-triggers-global-shortages-record-prices/105519474,lifestyle,https://www.abc.net.au/news/lifestyle,abc
A hearty steak and kidney that can be enjoyed on its own or in a pie,https://www.abc.net.au/news/2025-07-18/alison-alexanders-steak-and-kidney/105529536,lifestyle,https://www.abc.net.au/news/lifestyle,abc
Australia's red wine glut likely to get worse,https://www.abc.net.au/news/2025-07-16/australias-red-wine-glut-set-to-worsen-big-2025-grape-crush/105513420,lifestyle,https://www.abc.net.au/news/lifestyle,abc
Aussie producers scrambling as major organic certifier collapses,https://www.abc.net.au/news/rural/2025-07-12/nasaa-administration-australian-organic-certification-collapse/105520134,lifestyle,https://www.abc.net.au/news/lifestyle,abc
Why this farmer's olives now taste like passionfruit,https://www.abc.net.au/news/2025-07-14/new-processing-method-transforms-table-olive-flavour/105501398,lifestyle,https://www.abc.net.au/news/lifestyle,abc
Remote retailers facing 'collapse' amid Centrepay crackdown,https://www.abc.net.au/news/2025-07-02/centrepay-crackdown-nt-remote-retailers-aboriginal-customers/105478346,lifestyle,https://www.abc.net.au/news/lifestyle,abc
What having multiple bank accounts could be costing you,https://www.abc.net.au/news/2025-07-01/is-having-multiple-bank-accounts-ok/105453188,lifestyle,https://www.abc.net.au/news/lifestyle,abc
Why it is important to check your super account regularly,https://www.abc.net.au/news/2025-06-25/checking-your-superannuation-account-more-often/105442214,lifestyle,https://www.abc.net.au/news/lifestyle,abc
Are teens taught enough life skills to know how to 'adult'?,https://www.abc.net.au/news/2025-06-12/are-teens-taught-enough-life-skills-to-know-how-to-adult/105402486,lifestyle,https://www.abc.net.au/news/lifestyle,abc
How 'traveller-friendly' is your credit or debit card?,https://www.abc.net.au/news/2025-06-05/options-when-taking-money-overseas-travel/105367566,lifestyle,https://www.abc.net.au/news/lifestyle,abc
Why the 'Australian dream' is almost out of reach in WA's Pilbara,https://www.abc.net.au/news/2025-07-17/pilbara-housing-costs-challenging-residents/105528232,lifestyle,https://www.abc.net.au/news/lifestyle,abc
New National Centre for Environmental Art opens near Grampians,https://www.abc.net.au/news/2025-07-06/wildlife-art-museum-australia-halls-gap-grampians-pomonal/105482062,lifestyle,https://www.abc.net.au/news/lifestyle,abc
What you told us about your life-changing pets,https://www.abc.net.au/news/2025-07-03/readers-share-joys-responsibility-dogs-pets-lives/105480236,lifestyle,https://www.abc.net.au/news/lifestyle,abc
Cost-effective ways of heating your home this winter,https://www.abc.net.au/news/2025-06-28/cost-effective-ways-heat-your-home-winter-tips/105381088,lifestyle,https://www.abc.net.au/news/lifestyle,abc
Your laundry hacks for drying washing inside,https://www.abc.net.au/news/2025-06-27/your-tips-for-drying-washing-inside/105443128,lifestyle,https://www.abc.net.au/news/lifestyle,abc
Australia to lose revenue as Trump tax backdown 'protects American companies',https://www.abc.net.au/news/2025-07-22/australia-to-miss-out-on-top-up-tax-from-multinationals-oecd/105555376,finance,https://www.abc.net.au/news/business,abc
Will Trump's GENIUS bill pay off?,https://www.abc.net.au/news/2025-07-22/ian-analysis-will-trump-s-genius-bill-pay-off/105556722,finance,https://www.abc.net.au/news/business,abc
A power-hungry beast could smash forecasts of Australia's rising power demand,https://www.abc.net.au/news/2025-07-22/australian-power-demand-finally-rising-again-amid-surging-use/105238878,finance,https://www.abc.net.au/news/business,abc
Working a four-day week without taking a pay cut reduces burnout,https://www.abc.net.au/news/2025-07-22/four-day-work-week-health-burnout/105555392,finance,https://www.abc.net.au/news/business,abc
'Deeply shocking' spending from uni executives revealed as staff face sack,https://www.abc.net.au/news/2025-07-22/uts-alumni-senior-executives-us-trip/105554480,finance,https://www.abc.net.au/news/business,abc
Elon Musk's X says French probe is 'politically motivated',https://www.abc.net.au/news/2025-07-22/elon-musk-s-x-says-french-probe-is-politically-motivated/105557124,finance,https://www.abc.net.au/news/business,abc
Kerry Stokes-backed firm sending gas reserved for West Australians offshore,https://www.abc.net.au/news/2025-07-21/waitsia-gas-project-delays-spark-exports-from-wa-domestic-market/105542324,finance,https://www.abc.net.au/news/business,abc
'Project of the century': China starts building world's biggest hydro-electric dam,https://www.abc.net.au/news/2025-07-22/china-begins-building-massive-dam/105557210,finance,https://www.abc.net.au/news/business,abc
Temu's big Aussie ad spend infuriates mum of 9yo burnt in jumper fire,https://www.abc.net.au/news/2025-07-21/temu-doubles-advertising-spend-in-australia/105547184,finance,https://www.abc.net.au/news/business,abc
'We will never see his like again': ABC journalist Peter Ryan remembered,https://www.abc.net.au/news/2025-07-21/late-abc-journalist-peter-ryan-remembered-by-colleagues/105555262,finance,https://www.abc.net.au/news/business,abc
Illicit tobacco 'in the open' but there's mixed messages on how to tackle it,https://www.abc.net.au/news/2025-07-21/illegal-tobacco-best-way-to-deal-with-illegal-trade/105504302,finance,https://www.abc.net.au/news/business,abc
Why Albanese tried to do a Hawke during last week's China trip,https://www.abc.net.au/news/2025-07-21/green-iron-steel-albanese-xi-china-trump-trade-taiwan-tariffs/105552102,finance,https://www.abc.net.au/news/business,abc
"'Old' at 51? Recruiters hiring based on age over experience, report finds",https://www.abc.net.au/news/2025-07-21/ageism-work-employers-age-bias-hiring/105543944,finance,https://www.abc.net.au/news/business,abc
'We're at breaking point': Drought and soaring water prices push wine grape growers to exit,https://www.abc.net.au/news/2025-07-22/wine-grape-growers-battle-drought-and-soaring-water-prices/105457134,finance,https://www.abc.net.au/news/business,abc
How Murdoch's ambush of two backpackers 'changed the psyche' of outback Aussies,https://www.abc.net.au/news/2025-07-21/peter-falconio-murder-by-bradley-murdoch-impact-on-alice-springs/105555188,finance,https://www.abc.net.au/news/business,abc
Fire onboard as Virgin flight descends into Hobart,https://www.abc.net.au/news/2025-07-21/sydney-to-hobart-virgin-airplane-fire/105555386,finance,https://www.abc.net.au/news/business,abc
'I've got fishermen in tears on the phone': $14m in federal funding as fishers count the cost,https://www.abc.net.au/news/2025-07-21/sa-murray-watt-in-adelaide-algal-bloom-funding/105554050,finance,https://www.abc.net.au/news/business,abc
Pilot escapes injury after crash landing at regional airport,https://www.abc.net.au/news/2025-07-21/light-aircraft-crash-lands-at-west-sale-airport-in-gippsland/105553936,finance,https://www.abc.net.au/news/business,abc
Why Albanese tried to do a Hawke during last week's China trip,https://www.abc.net.au/news/2025-07-21/green-iron-steel-albanese-xi-china-trump-trade-taiwan-tariffs/105552102,finance,https://www.abc.net.au/news/business,abc
Ken Henry wants Australia's media to do a better job,https://www.abc.net.au/news/2025-07-20/ken-henry-wants-australian-media-to-do-a-better-job/105546186,finance,https://www.abc.net.au/news/business,abc
The Finance Report with Alan Kohler,https://www.abc.net.au/news/business/kohler-report/,finance,https://www.abc.net.au/news/business,abc
The Business,https://iview.abc.net.au/show/business,finance,https://www.abc.net.au/news/business,abc
Close of Business,https://iview.abc.net.au/show/close-of-business,finance,https://www.abc.net.au/news/business,abc
Smokers turn to black market because quitting products too expensive,https://www.abc.net.au/news/programs/the-business/2025-07-21/smokers-turn-to-black-market-because-quitting/105556822,finance,https://www.abc.net.au/news/business,abc
The ASX pulls back from record highs in the worst day since April,https://www.abc.net.au/news/programs/the-business/2025-07-21/the-asx-pulls-back-from-record-highs-in-the-worst/105556804,finance,https://www.abc.net.au/news/business,abc
Monday Finance with Alan Kohler,https://www.abc.net.au/news/2025-07-21/monday-finance-with-alan-kohler/105556892,finance,https://www.abc.net.au/news/business,abc
Why credit card rewards programs could be hit by proposed RBA reforms,https://www.abc.net.au/news/programs/the-business/2025-07-21/why-credit-card-rewards-programs-could-be-hit-by/105556772,finance,https://www.abc.net.au/news/business,abc
Australia is stuck in an economic rut of low real growth,https://www.abc.net.au/news/2025-07-21/australia-is-stuck-in-an-economic-rut-of-low-real/105554812,finance,https://www.abc.net.au/news/business,abc
Friday Finance with Daniel Ziffer,https://www.abc.net.au/news/2025-07-18/friday-finance-with-daniel-ziffer/105548932,finance,https://www.abc.net.au/news/business,abc
Business look for certainty on environmental protection law,https://www.abc.net.au/news/programs/the-business/2025-07-17/business-look-for-certainty-on-environmental/105544590,finance,https://www.abc.net.au/news/business,abc
Unemployment rate hits a near four year high,https://www.abc.net.au/news/programs/the-business/2025-07-17/unemployment-rate-hits-a-near-four-year-high/105544584,finance,https://www.abc.net.au/news/business,abc
"With the help of a spreadsheet, Nataasha paid off thousands in debt",https://www.abc.net.au/listen/programs/am/the-bright-side-spreadsheeting-finances-debt-free/103768102,finance,https://www.abc.net.au/news/business,abc
Radical housing solution comes from an unexpected corner,https://www.abc.net.au/listen/programs/am/the-bright-side-housing-crisis-solution-in-government-planning/103693164,finance,https://www.abc.net.au/news/business,abc
Lachlan's legacy continues with Hughes scholarship for regenerative agriculture,https://www.abc.net.au/listen/programs/am/the-bright-side-regenerative-farming-hughes-foundaction/103693190,finance,https://www.abc.net.au/news/business,abc
"In return for odd jobs, Averil's community built her a home from scratch",https://www.abc.net.au/listen/programs/am/the-bright-side-sapphire-economy-lets-local-economy/103658018,finance,https://www.abc.net.au/news/business,abc
Doctors on high alert as heatwave hits northern Australia,https://www.abc.net.au/listen/programs/worldtoday/doctors-on-high-alert-as-heatwave-hits-northern-australia/101749282,finance,https://www.abc.net.au/news/business,abc
"Energy crisis: states, territories seek compensation for price caps",https://www.abc.net.au/listen/programs/worldtoday/energy-delay/101738382,finance,https://www.abc.net.au/news/business,abc
Trump threatens deal with Commanders if they don't change back to 'Redskins',https://www.9news.com.au/world/trump-threatens-to-restrict-stadium-deal-with-washington-commanders-if-they-dont-change-name-back-to-redskins-usa-news/1d156b3b-8fd8-46f0-80f5-e5422b4333a5,sport,https://www.9news.com.au/sport,9news
'You've got me': NRL great busted for drink driving,https://www.9news.com.au/national/steve-renouf-brisbane-broncos-great-pleads-guilty-to-drink-driving-queensland-news/5f634ef3-fef4-4dc9-92c5-3d09103f348c,sport,https://www.9news.com.au/sport,9news
Lyon dropped as under-pressure duo fail again,https://www.nine.com.au/sport/cricket/australia-v-west-indies-third-test-nathan-lyon-dropped-sam-konstas-usman-khawaja-scores-video-20250713-p5meij.html,sport,https://www.9news.com.au/sport,9news
Thieves steal Hollywood star and AFL player's documentary footage,https://www.9news.com.au/national/koby-stevens-theft-thieves-steal-a-million-dollars-worth-of-footage-from-eric-bana-and-afl-player/5d6ed7e1-55b8-4799-bf73-ed2d6640018a,sport,https://www.9news.com.au/sport,9news
Former A-League players admit to roles in betting corruption scandal,https://www.9news.com.au/national/former-aleague-soccer-stars-admit-to-roles-in-betting-corruption-scandal/b7155ee3-6c69-4e65-841f-1f1ba3291a27,sport,https://www.9news.com.au/sport,9news
Broncos PR boss admits to drink driving after crashing into parked cars,https://www.9news.com.au/national/broncos-pr-boss-melissa-telhia-mallet-admits-to-drink-driving/42739098-fa4d-4513-9405-16e18d118b37,sport,https://www.9news.com.au/sport,9news
US military confirms it has taken possession of 'flying disc',https://www.9news.com.au/world/today-in-history-july-8-what-happened-on-this-day-in-pictures/9eda5141-84aa-43c4-96ba-5e80c144a1f0,sport,https://www.9news.com.au/sport,9news
Former NRL star 'relieved' after cops drop weed and stolen cash charges,https://www.9news.com.au/national/sydney-court-former-nrl-star-james-roberts-relieved-after-cops-drop-weed-and-stolen-cash-charges/d21da4ea-b155-4151-a03a-6b7d6c4eb9c8,sport,https://www.9news.com.au/sport,9news
"Runners, local business pumped ahead of Gold Coast Marathon",https://www.9news.com.au/national/gold-coast-marathon-local-international-runners-local-business-on-board-queensland-sport-news/8a0b4e0f-78fe-42fc-8052-2ff7ffbf38fc,sport,https://www.9news.com.au/sport,9news
Trump wants to celebrate 250 years of independence with UFC fight at White House,https://www.9news.com.au/world/trump-wants-to-celebrate-250-years-of-independence-with-a-ufc-fight-at-the-white-house/a13748e5-34c7-4ebb-b22c-a5efc9dee287,sport,https://www.9news.com.au/sport,9news
Port Adelaide star forced to flee fire in early hours of the morning,https://www.9news.com.au/national/adelaide-house-fire-brandon-zerk-thatcher/cc20fc97-51a1-4804-9465-fb8d8972ee60,sport,https://www.9news.com.au/sport,9news
Stalled car sends the world to war,https://www.9news.com.au/world/today-in-history-june-28-what-happened-on-this-day-in-pictures/41f499ff-0c2b-424a-ae71-d2a9dde9bfa3,sport,https://www.9news.com.au/sport,9news
New poll reveals state's fury over 'dud' $1 billion AFL deal,https://www.9news.com.au/national/tasmania-afl-stadium-new-poll-reveals-public-anger/afb3d907-ca4c-4677-939c-4e08dee3eff9,sport,https://www.9news.com.au/sport,9news
NFL stars visit Melbourne ahead of historic game,https://www.9news.com.au/national/nfl-stars-visit-melbourne-ahead-of-historic-game/a69e6ff4-09e0-4930-a913-ed7c7b49a020,sport,https://www.9news.com.au/sport,9news
Origin star stops 'creepy' NRL teammate groping woman,https://www.9news.com.au/national/brisbane-courts-ex-nrl-player-teui-tc-robati-not-guilty-of-pub-bathroom-rape-admits-to-separate-sexual-assault/9e068f43-1f55-4fc8-973c-48c26103e81b,sport,https://www.9news.com.au/sport,9news
At least 11 dead in 'heartrending' cricket tragedy,https://www.9news.com.au/world/india-cricket-stadium-stampede-several-people-feared-dead-bengaluru-t20/df422931-7de6-43eb-b9db-186cba56ef5b,sport,https://www.9news.com.au/sport,9news
Promising footy player's mum says killer driver's sentence not enough,https://www.9news.com.au/national/nick-campo-court-mum-says-killer-drivers-sentence-not-enough/0a8d16c6-0b0d-49aa-b724-ef655b5f10a2,sport,https://www.9news.com.au/sport,9news
Selfless reason Glenn Maxwell is retiring from ODI cricket,https://www.nine.com.au/sport/cricket/news-2025-glenn-maxwell-retires-odi-t20-world-cup-date-20250602-p5m4a5.html,sport,https://www.9news.com.au/sport,9news
"Two fans dead, police officer in coma after Champions League celebrations",https://www.9news.com.au/world/champions-league-final-paris-st-germain-vs-inter-milan-fans-clash-with-riot-police-in-violent-aftermath/b0a8aa68-540c-4d00-a229-03d715a46e37,sport,https://www.9news.com.au/sport,9news
Player charged as A-League rocked by football betting scandal,https://www.9news.com.au/national/victoria-pair-charged-over-alleged-aleague-football-betting-scandal/71c60c23-a82b-4656-b94e-108bd1c872a0,sport,https://www.9news.com.au/sport,9news
Hooligan behaviour as police assaulted before A-League grand final clash,https://www.9news.com.au/national/police-swarm-melbourne-venue-ahead-of-fierce-aleague-grand-final-clash/f071a0dc-bbff-4580-9602-efed72382823,sport,https://www.9news.com.au/sport,9news
Mass brawl at local soccer game south of Sydney,https://www.9news.com.au/national/peakhurst-local-soccer-brawl-police-appeal-for-information/697b06ed-dd71-4be6-9f0d-6ecc6437cd2f,sport,https://www.9news.com.au/sport,9news
Images from Liverpool show revelry turn to horror,https://www.9news.com.au/world/liverpool-crowd-minivan-crash-football-rally-turns-to-horror-in-pictures/afc80af2-262f-43ed-bee3-edafc8c964d8,sport,https://www.9news.com.au/sport,9news
Dad accused of strangling opposition player in kids' football match,https://www.9news.com.au/national/perth-father-accused-of-strangling-opposition-player-in-childrens-football-match/04900229-a1c5-4739-b1ff-1f0c46ba7bd3,sport,https://www.9news.com.au/sport,9news
Jelena Dokic's father and ex-coach Damir dies,https://www.9news.com.au/national/damir-dokic-death-jelena-dokic-statement/3d3ae11b-630e-4dac-a088-1d3263e32385,sport,https://www.9news.com.au/sport,9news
Adelaide soccer club under fire after 'telling boy he's not welcome',https://www.9news.com.au/national/adelaide-soccer-club-young-boy-autism/d57b4873-146d-4997-8adf-5ad828bf407e,sport,https://www.9news.com.au/sport,9news
"Brisbane 2032 aims to be sustainable and affordable, as IOC president visits city",https://www.9news.com.au/national/brisbane-2032-aims-to-be-sustainable-and-affordable-as-ioc-president-visits-city/27704e9e-3462-4cc0-8361-0c8ef9a51ee3,sport,https://www.9news.com.au/sport,9news
Runner becomes fastest person to cross Australia on foot,https://www.9news.com.au/national/runner-becomes-the-fastest-person-to-run-across-australia/74760fd5-027b-4ef8-bea1-c50554c865ee,sport,https://www.9news.com.au/sport,9news
"AFL world heartbroken at death of Adam Selwood, just months after twin",https://www.nine.com.au/sport/afl/news-2025-adam-selwood-death-twin-brother-troy-joel-family-statement-20250517-p5m00n.html,sport,https://www.9news.com.au/sport,9news
These women are champions. They still have to 'ask permission' to wear shorts,https://www.9news.com.au/national/camogie-final-postponed-skort-uniform-controversy/fc3bbb24-48a5-4702-820f-ab013e024348,sport,https://www.9news.com.au/sport,9news
'Last 10 killed me': Jarryd Hayne opens up after rugby league return,https://www.9news.com.au/national/exclusive-jarryd-hayne-opens-up-after-return-to-rugby-league-in-sydney/4769bf17-a723-4720-916d-3c30e457e1d5,sport,https://www.9news.com.au/sport,9news
Teen caught allegedly trying to enter AFL match with imitation gun,https://www.9news.com.au/national/melbourne-news-teenager-allegedly-caught-trying-to-bring-knife-and-imitation-gun-into-afl-game-docklands-stadium/c4ea9eca-1f54-4329-901e-946eacf6d69d,sport,https://www.9news.com.au/sport,9news
Horror football fire which killed 56 spectators was blamed on Australian man,https://www.9news.com.au/world/today-in-history-may-11-what-happened-on-this-day-in-pictures/76ed8f8b-208c-4991-a310-d33ed4ed60b2,sport,https://www.9news.com.au/sport,9news
Football clubs join forces to send underprivileged players to Madrid Cup,https://www.9news.com.au/national/pick-your-poison-showcase-football-clubs-join-forces-to-send-underprivileged-players-to-madrid-cup/c1c6f949-cce2-4317-97e3-dc6f84a4776d,sport,https://www.9news.com.au/sport,9news
AFL stars released without charge over Boxing Day brawl that left two men in hospital,https://www.9news.com.au/national/afl-stars-steven-may-and-dion-prestia-interviewed-by-police-over-boxing-day-brawl-that-left-two-men-in-hospital/4c1d6c28-fe17-43a2-817b-92219fd0d8ab,sport,https://www.9news.com.au/sport,9news
'Massive call' hands Raiders controversial golden point win,https://www.nine.com.au/sport/nrl/news-2025-canberra-raiders-melbourne-storm-result-video-highlights-trent-loiero-penalty-stefano-utoikamanu-josh-papalii-sin-bins-20250504-p5lwhz.html,sport,https://www.9news.com.au/sport,9news
Origin star facing suspension after Magic Round thriller,https://www.nine.com.au/sport/nrl/news-2025-reuben-cotter-suspension-cowboys-warriors-magic-round-high-tackle-video-20250504-p5lwdu.html,sport,https://www.9news.com.au/sport,9news
Men launch over tiny tables in the ultimate battle of the strongest finger,https://www.9news.com.au/world/world-news-german-finger-wrestling-fingerhakeln-64th-championship/19481334-0d74-4c7b-b36c-29513e7c9458,sport,https://www.9news.com.au/sport,9news
Five charged after brawl at Sydney U7s football game,https://www.9news.com.au/national/soccer-brawl-sydney-fairfield-kids-match/9a104563-951b-4893-9250-f45d19c2cfc0,sport,https://www.9news.com.au/sport,9news
Galvin returns in style as Tigers win 89-minute thriller,https://www.nine.com.au/sport/nrl/news-2025-wests-tigers-cronulla-sharks-results-highlights-video-lachlan-galvin-performance-20250427-p5lukx.html,sport,https://www.9news.com.au/sport,9news
Ex-cricketer Michael Slater sentenced over DV offences,https://www.9news.com.au/national/michael-slater-sentenced-over-dv-offences/6b033e9c-2bb1-40b0-855d-d036897ba082,sport,https://www.9news.com.au/sport,9news
Major changes are coming to two iconic Sydney venues,https://www.9news.com.au/national/allianz-stadium-sydney-cricket-grounds-university-campus/d2c456de-a09b-4879-a3da-0bb1f5d36898,sport,https://www.9news.com.au/sport,9news
Thousands descend on Barossa Valley for historic AFL Gather Round,https://www.9news.com.au/national/gather-round-barossa-valley-visitor-influx/9a65ddac-1176-4055-8371-89fe31b2cabc,sport,https://www.9news.com.au/sport,9news
Gout Gout cracks 10-second barrier in sizzling run,https://www.nine.com.au/sport/athletics/australian-championships-2025-gout-gout-results-time-sub-10-final-20250410-p5lqwg.html,sport,https://www.9news.com.au/sport,9news
Lawyer fired after footy sickie fails to get job back,https://www.9news.com.au/national/lawyer-fired-after-footy-sickie-fails-to-get-job-back/a3ce898a-3093-468d-bc85-50ef3def6cbe,sport,https://www.9news.com.au/sport,9news
South Australia's huge economic boost from Gather Round,https://www.9news.com.au/national/gather-round-economic-impact-adelaide-south-australia/56fc9d1f-dbe1-4d3e-a471-5ad8b9ed58f5,sport,https://www.9news.com.au/sport,9news
Adelaide Oval security in spotlight ahead of Gather Round,https://www.9news.com.au/national/adelaide-oval-security-measures-gather-round/1f534ca6-921a-418b-bd5d-fc30c8fc8608,sport,https://www.9news.com.au/sport,9news
Shocking new details revealed about crash that killed teen footy player,https://www.9news.com.au/national/nick-campo-court-shocking-new-details-revealed-about-crash-that-killed-wa-teen/5d096dc2-39a9-4c73-9a42-d778b6b13b59,sport,https://www.9news.com.au/sport,9news
Parachutist left dangling from stadium roof after rugby stunt misfire,https://www.9news.com.au/world/parachutist-carrying-rugby-match-ball-tangled-in-french-stadium-toulouse/0d2aa1bc-b114-4e6e-864f-56df4a0e00ba,sport,https://www.9news.com.au/sport,9news
Former UFC fighter claims he wasn't warned of assassination plot,https://www.9news.com.au/national/mma-event-allegedly-cancelled-police-fears-gangland-hit/cbe857af-df85-4c01-932e-89701a0d385a,sport,https://www.9news.com.au/sport,9news
Police officer dies suddenly on the beach while playing with his kids,https://www.9news.com.au/national/police-officer-dies-suddenly-on-the-beach-while-playing-with-his-kids/7251553d-762e-4b56-9ab0-2d744ddf6df0,sport,https://www.9news.com.au/sport,9news
Swifties turn concert into actual earthquake,https://www.9news.com.au/world/today-in-history-july-22-what-happened-on-this-day-in-pictures/1a289067-9b81-4717-ae8c-796cc228f66e,sport,https://www.9news.com.au/sport,9news
The Cosby Show actor dies in drowning accident,https://www.9news.com.au/world/malcolm-jamal-warner-the-cosby-show-theo-actor-dies-in-drowning-accident-costa-rica/07f92793-6de1-4ead-b4d4-8b6f28757b58,sport,https://www.9news.com.au/sport,9news
Air Force training jet crashes into Dhaka school and kills at least 19,https://www.9news.com.au/world/plane-crash-dhaka-bangladesh-air-force-training-jet-crashes-into-school/5cb50396-509a-4987-b896-95ba9fffddae,sport,https://www.9news.com.au/sport,9news
The top regional destinations for city folk fleeing the rat race,https://www.9news.com.au/national/most-popular-towns-for-city-residents-moving-to-regions/60b09690-962e-4747-b231-bf8f94c4696f,lifestyle,https://www.9news.com.au/lifestyle,9news
Lifestyle superpowers: World's top 10 'best' countries to live in revealed,https://www.9news.com.au/world/top-10-best-countries-for-2024/64c7b7ac-2020-4f35-9646-45382c3ef748,lifestyle,https://www.9news.com.au/lifestyle,9news
The leading international cities for return to work,https://www.9news.com.au/world/return-to-work-in-global-cities-where-sydney-rates/c46a74a7-6fcd-40ec-93e6-3a57132880ea,lifestyle,https://www.9news.com.au/lifestyle,9news
"Plant-based ultraprocessed foods linked to heart disease, early death",https://www.9news.com.au/world/vegan-plant-based-ultraprocessed-foods-linked-to-heart-disease-early-death-study/c3517180-812a-43f9-940d-9bc133580cb1,lifestyle,https://www.9news.com.au/lifestyle,9news
Why you're waking up at 3am every night explained,https://www.9news.com.au/national/sleep-disruptions-night-awakening-explained-circadian-rhythm-sleep-architecture/98d01c1b-f4d8-4a13-bdbf-b988fb343597,lifestyle,https://www.9news.com.au/lifestyle,9news
Life expectancy of Australians drops for the first time in decades,https://www.9news.com.au/national/life-expectancy-of-australians-drops-for-the-first-time-in-decades/b2c3aee9-dcb3-43ab-b762-7489560a7d26,lifestyle,https://www.9news.com.au/lifestyle,9news
The surprising day more Australians prefer to work in the office,https://www.9news.com.au/national/more-australian-workers-return-to-office-friday-preferred-survey-finds/44c66aa1-bfc2-48c4-a956-1ddde08fb4f0,lifestyle,https://www.9news.com.au/lifestyle,9news
Australian cities leap up rankings of world's most liveable,https://www.9news.com.au/world/worlds-most-livable-cities-ranked-for-2023-melbourne-sydney-austria/6ea7bf2c-5112-49d0-bbec-016d33c6b983,lifestyle,https://www.9news.com.au/lifestyle,9news
How inflationary pressures are driving up the cost of vitamins,https://www.9news.com.au/national/cost-of-living-how-inflationary-pressures-are-driving-up-vitamin-prices/36928174-cdd7-4567-9663-b7488db94bfc,lifestyle,https://www.9news.com.au/lifestyle,9news
Sydneysiders happy with life but concerned about cost of living,https://www.9news.com.au/national/committee-sydney-poll-survey-satisfied-quality-of-life-concerned-cost-of-living/766e00f4-3683-41aa-a4ad-dec08e287f1e,lifestyle,https://www.9news.com.au/lifestyle,9news
Study throws doubt on long-held theory women outlive men,https://www.9news.com.au/world/women-dont-always-outlive-men-danish-study-finds-with-marriage-and-degree-education-important-factors/80536ee3-30b8-4919-9dd0-ac09f09d41ec,lifestyle,https://www.9news.com.au/lifestyle,9news
"More Aussies are choosing to live off-the-grid, but how hard is it?",https://www.9news.com.au/national/costofliving-pressures-mean-living-offgrid-has-never-been-more-appealing-but-how-hard-is-it/39c686a6-c040-49c5-bb1f-86d5805ba11f,lifestyle,https://www.9news.com.au/lifestyle,9news
Holograms are real and they work | Cisco Hologram,https://www.9news.com.au/technology/holograms-are-real-and-weve-tried-the-cisco-technology/fe72389b-84cd-4fdb-a758-e962c59bb81c,lifestyle,https://www.9news.com.au/lifestyle,9news
Perth great-grandfather turns 106,https://www.9news.com.au/national/106-year-old-perth-great-grandfather-shares-his-secret-to-living-a-long-life/e94c7936-2c8f-48ef-9451-afb590008612,lifestyle,https://www.9news.com.au/lifestyle,9news
UK bank moves to four-day work week without cutting pay,https://www.9news.com.au/world/atom-bank-four-day-week-best-for-working/79abc885-0f19-4572-83b6-cbe9e6729d71,lifestyle,https://www.9news.com.au/lifestyle,9news
Review: Ecobots new Deebot T9+ robotic vacuum,https://www.9news.com.au/technology/ecovacs-deebot-ozmo-t9-plus-robotic-vacuum-review/278d5059-c09e-44a7-9751-ff7a355225b8,lifestyle,https://www.9news.com.au/lifestyle,9news
Swedish life expectancy to fall because of coronavirus,https://www.9news.com.au/world/coronavirus-sweden-life-expectancy-expected-to-fall-europe-news/da6c5c32-324a-4eb8-a50a-924f4a7e4595,lifestyle,https://www.9news.com.au/lifestyle,9news
The places in Australia where people live the longest,https://www.9news.com.au/national/life-expectancy-australia-the-place-where-aussies-life-the-longest/010ad0ed-61e3-4205-abc0-7e3ef4f9714e,lifestyle,https://www.9news.com.au/lifestyle,9news
How 'social bubbles' could be the way to lift lockdown restrictions,https://www.9news.com.au/world/coronavirus-social-bubbles-could-be-viable-way-to-lift-lockdown-restrictions/c28a28d6-292e-4695-8a77-ebb1980af6bd,lifestyle,https://www.9news.com.au/lifestyle,9news
"Three million Aussies living in poverty, call for action on housing costs",https://www.9news.com.au/national/one-in-eight-australians-living-in-poverty-report-finds/4f6dfb70-17b4-4fd9-839f-71a49933c4c3,lifestyle,https://www.9news.com.au/lifestyle,9news
Lip Lab beauty guru to face court over ‘drug syndicate’ charges,https://www.9news.com.au/national/lip-lab-co-founder-kimberley-treacy-to-face-court-over-drug-syndicate-allegations-a-current-affair/d178972b-4d4d-4bdd-8c69-484169e393b1,lifestyle,https://www.9news.com.au/lifestyle,9news
Orthorexia Nervosa: When healthy lifestyle turns toxic obsession,https://www.9news.com.au/health/call-for-official-recognition-of-orthorexia-nervosa-where-healthy-lifestyle-turns-into-a-toxic-obsession/9e7b4a44-21d6-4fc3-a133-5d70c96c14e6,lifestyle,https://www.9news.com.au/lifestyle,9news
Gucci pulls 'blackface' sweater from stores amid outrage,https://style.nine.com.au/2019/02/07/22/55/gucci-blackface-sweater,lifestyle,https://www.9news.com.au/lifestyle,9news
Confessions of a dominatrix: 'I had a client faint once',https://www.9news.com.au/national/sydney-sex-educator-adult-industry-bdsm-news/bff76b35-6684-4595-ac23-42f8ee505939,lifestyle,https://www.9news.com.au/lifestyle,9news
Would you live in a tiny van for $60k?,https://www.9news.com.au/national/van-life-the-aussies-breaking-the-mould-to-live-in-tiny-mobile-homes/f29f62fe-d367-4129-be57-f0d049fddb9e,lifestyle,https://www.9news.com.au/lifestyle,9news
Why now is the best time to book your next holiday,https://www.9news.com.au/national/click-frenzy-travel-deals-flights/0f4c1d4e-4331-407d-ba89-3efd76c240d7,lifestyle,https://www.9news.com.au/lifestyle,9news
Little man's big ambition to walk,https://www.9news.com.au/national/nash-molloy-angelman-syndrome/bdbf5303-87bf-4d88-aab6-70402dd9969b,lifestyle,https://www.9news.com.au/lifestyle,9news
Pageant winner hands back crown after 'offensive' #MeToo joke,https://www.9news.com.au/world/miss-masachusetts-hands-back-crown-after-metoo-joke/afffe11f-d308-4c8f-a545-981e1a633425,lifestyle,https://www.9news.com.au/lifestyle,9news
500 strip naked for Tunick roof top photo shoot,https://www.9news.com.au/national/500-in-melbourne-strip-naked-for-spencer-tunick-shoot/49275942-ba9e-4667-a509-a9ae38d4e420,lifestyle,https://www.9news.com.au/lifestyle,9news
Cool cat crashes interview,https://www.9news.com.au/world/cat-interrupts-interview-on-dutch-television/7d16f784-735a-42fc-87d5-f22696081c62,lifestyle,https://www.9news.com.au/lifestyle,9news
Private school principal tells angry parents to 'Chill',https://www.9news.com.au/national/school-principal-tells-parents-to-chill/679fe3d4-a68b-4edd-99df-7dfb13f878e7,lifestyle,https://www.9news.com.au/lifestyle,9news
Dally and Spanky are show jumping champs,https://www.9news.com.au/world/dog-and-pony-best-friends/9325af11-df72-49c4-affc-e7838b63777b,lifestyle,https://www.9news.com.au/lifestyle,9news
'Ronaldo wears short shorts',https://www.9news.com.au/world/ronaldo-wears-tiny-shorts/fcf486cc-32fa-43c0-81a5-cf4cddeac89c,lifestyle,https://www.9news.com.au/lifestyle,9news
Big changes to childcare subsidies to come into effect tomorrow,https://www.9news.com.au/national/australian-childcare-subsidies/478eb456-96a3-45b8-9057-28816cc32247,lifestyle,https://www.9news.com.au/lifestyle,9news
Toffee the puppy rescued after 30 hours down a hole,https://www.9news.com.au/world/deaf-puppy-trapped-in-hole-rescued/d93b14d2-886c-4100-80d8-417100aa5d51,lifestyle,https://www.9news.com.au/lifestyle,9news
It's been dubbed 'the saddest suit in the world',https://www.9news.com.au/world/saddest-suit-in-the-world/f448e390-ba0e-4bcf-b99c-e56dee604db0,lifestyle,https://www.9news.com.au/lifestyle,9news
‘Permit Patty’ calls cops on a little girl for selling water,https://www.9news.com.au/world/woman-calls-cops-on-little-girl-selling-water/6e9d5df5-b110-4d53-b69f-bcb61b606c75,lifestyle,https://www.9news.com.au/lifestyle,9news
‘At lasssst’ a feel-good story on a US high school,https://www.9news.com.au/good-news/regina-ballard-sings-at-last-to-students-on-last-day-of-school/41971b53-a4a0-458b-ae16-8aecb7ad800b,lifestyle,https://www.9news.com.au/lifestyle,9news
Goldilocks has nothing on this bear,https://www.9news.com.au/world/bear-breaks-into-cailfornia-home/a51cc174-8543-4f41-9def-9653f58be824,lifestyle,https://www.9news.com.au/lifestyle,9news
Inside the Aussie home of the future,https://www.9news.com.au/national/my-ideal-house-gledswood-hills-award-winning-home-madeline-blanchfield/f206dbdb-a349-4be4-9593-fecaf20049c8,lifestyle,https://www.9news.com.au/lifestyle,9news
Tragic story behind birth of AFL star's 'perfect little souls’,https://www.9news.com.au/national/gary-rohan-announces-tragic-birth-of-twin-daughters/c34a0367-a6ab-4e10-af48-9f350e36207d,lifestyle,https://www.9news.com.au/lifestyle,9news
Aussies are less happy in 2018,https://www.9news.com.au/national/world-happiness-report-puts-australia-10th/5388582d-b0e5-4ad5-883d-5c81398c15a1,lifestyle,https://www.9news.com.au/lifestyle,9news
How to refresh your lounge room style for less than $50,https://www.9news.com.au/national/how-to-refresh-your-lounge-room-style-for-less-than-50/d3c4cb18-cdad-4c25-82c4-9c9630a6577d,lifestyle,https://www.9news.com.au/lifestyle,9news
Plus-sized model poses nude to celebrate her body after 20-year cancer battle,https://www.9news.com.au/health/plus-sized-model-poses-nude-to-celebrate-her-body-after-20-year-cancer-battle/694e761f-c230-45d6-849d-7f6b31f9a7bd,lifestyle,https://www.9news.com.au/lifestyle,9news
Buttons up: Victorian brewers make beer from belly button fluff,https://www.9news.com.au/national/buttons-up-victorian-brewers-make-beer-from-belly-button-fluff/1c26bb8b-9982-4feb-aa96-4f536ccaa0e9,lifestyle,https://www.9news.com.au/lifestyle,9news
Finnish-style baby boxes trialled in Canada,https://www.9news.com.au/health/finnish-style-baby-boxes-trialled-in-canada/eeea3f41-70b2-467b-bc91-8440abbfbccf,lifestyle,https://www.9news.com.au/lifestyle,9news
New Google Calendar ‘Goals’ tool will organise your hobbies and aspirations,https://www.9news.com.au/technology/new-google-goals-tool-will-help-you-organise-your-hobbies-and-aspirations/b59ae76c-5be4-45a9-ab2a-37ba4a9d19c7,lifestyle,https://www.9news.com.au/lifestyle,9news
Gay marriage supporters take issue with Malcolm Turnbull's Valentine's Day message,https://www.9news.com.au/national/gay-marriage-supporters-take-issue-with-malcolm-turnbull-valentines-day-message/16051afa-ea90-4a4f-8ed4-62bacc54cbd9,lifestyle,https://www.9news.com.au/lifestyle,9news
The new bar that's about to make a splash in Sydney,https://www.9news.com.au/national/sydneys-h20-pop-up-bar/b85833c5-d901-4fff-ab41-bfa9cf3cc4ce,lifestyle,https://www.9news.com.au/lifestyle,9news
Cats on mats entice fitness fans to Sydney yoga classes,https://www.9news.com.au/health/cats-on-mats-welcome-at-sell-out-sydney-yoga-classes/1acc50a7-4975-47c3-bc58-9404716ad39b,lifestyle,https://www.9news.com.au/lifestyle,9news
Police officer dies suddenly on the beach while playing with his kids,https://www.9news.com.au/national/police-officer-dies-suddenly-on-the-beach-while-playing-with-his-kids/7251553d-762e-4b56-9ab0-2d744ddf6df0,lifestyle,https://www.9news.com.au/lifestyle,9news
Swifties turn concert into actual earthquake,https://www.9news.com.au/world/today-in-history-july-22-what-happened-on-this-day-in-pictures/1a289067-9b81-4717-ae8c-796cc228f66e,lifestyle,https://www.9news.com.au/lifestyle,9news
The Cosby Show actor dies in drowning accident,https://www.9news.com.au/world/malcolm-jamal-warner-the-cosby-show-theo-actor-dies-in-drowning-accident-costa-rica/07f92793-6de1-4ead-b4d4-8b6f28757b58,lifestyle,https://www.9news.com.au/lifestyle,9news
Air Force training jet crashes into Dhaka school and kills at least 19,https://www.9news.com.au/world/plane-crash-dhaka-bangladesh-air-force-training-jet-crashes-into-school/5cb50396-509a-4987-b896-95ba9fffddae,lifestyle,https://www.9news.com.au/lifestyle,9news
Surprise data adds to case for interest rate cut next month,https://www.9news.com.au/finance/unemployment-rate-june-2025-abs-data-interest-rates/26716d34-ab4d-4bfb-accf-d21bb375235b,finance,https://www.9news.com.au/finance,9news
Why experts want to raise one of Australia's least popular taxes,https://www.9news.com.au/finance/gst-why-are-there-calls-to-change-it-australia-tax-system-explained/90b4e02e-8aec-4a15-8727-e2ba31209a98,finance,https://www.9news.com.au/finance,9news
The world's most important currency is suddenly sliding backwards,https://www.9news.com.au/finance/us-dollar-falling-why-worlds-king-currency-going-backwards-explained/a7d39032-98ca-4509-ae72-1967171b6ec6,finance,https://www.9news.com.au/finance,9news
Big four bank cuts interest rates early,https://www.9news.com.au/finance/anz-cuts-interest-rates-before-rba-meeting/c6da96d8-fbab-4875-aabb-9ced2ce8d502,finance,https://www.9news.com.au/finance,9news
Revealed: The highest-paying jobs in Australia,https://www.9news.com.au/finance/wealthiest-professions-australia-ato-statistics-2022-23/c36aac20-a382-4b74-86dd-5359668cb621,finance,https://www.9news.com.au/finance,9news
The Aussie dollar just did something it hadn't managed all year,https://www.9news.com.au/finance/australian-dollar-2025-high/487942e3-5982-4edb-8c81-d6a6bf24bb74,finance,https://www.9news.com.au/finance,9news
"Aussies paid $298b in tax, but dozens of millionaires didn't pay a cent",https://www.9news.com.au/finance/australia-tax-statistics-2022-23/5af0311c-d329-4fd6-a219-7442ce831505,finance,https://www.9news.com.au/finance,9news
"Aussie company collapses as Nike takes it to court over $237,000 claim",https://www.9news.com.au/finance/surfstitch-administration-nike-australia-winding-up-application-victoria-supreme-court/1ca0f55a-22a8-4c5d-a2bf-8c7c92100d19,finance,https://www.9news.com.au/finance,9news
Stunning turnaround: US stock market on precipice of all-time record,https://www.9news.com.au/finance/us-stock-market-on-precipice-of-all-time-record/b10c47a1-563b-4610-83d7-2acee55c0070,finance,https://www.9news.com.au/finance,9news
Rate cut appears near-certain after surprise inflation data,https://www.9news.com.au/finance/monthly-inflation-2-1-per-cent-may-2025-abs-interest-rate-implications/0751eed3-3ba0-4b00-bf03-d847a05bc886,finance,https://www.9news.com.au/finance,9news
Oil prices surge and global markets retreat after Israel's strike on Iran,https://www.9news.com.au/finance/israel-iran-strikes-global-financial-markets-react-wall-street-oil-prices-surge/00c997b2-2748-44ed-b15e-4a05a5171564,finance,https://www.9news.com.au/finance,9news
Worst in 60 years: Major alarm bells ringing on economy,https://www.9news.com.au/finance/world-bank-global-financial-forecast/2af83c89-a7a9-4f1b-8694-a7e2f8cf46d4,finance,https://www.9news.com.au/finance,9news
Renting out your investment? Complete this checklist first,https://www.9news.com.au/finance/renting-out-your-investment-complete-this-checklist-first/95abd10f-1b1c-480a-8cda-39206e7c2cc4,finance,https://www.9news.com.au/finance,9news
The generation of Australians who'll become overnight millionaires,https://www.9news.com.au/finance/generation-of-australians-to-become-instant-millionaires-world-wealth-report-says/15eb235a-9af1-4ee7-b17c-656dfe1bdc1f,finance,https://www.9news.com.au/finance,9news
"Australian economy struggles along to start the year, soft new data reveals",https://www.9news.com.au/finance/gdp-figures-australia-march-quarter/a0fdf1a8-cd01-4574-97d7-1e589ea50ee2,finance,https://www.9news.com.au/finance,9news
Something 'unusual' has happened to the Australian dollar,https://www.9news.com.au/finance/australia-dollar-movement-trump-tariffs-rba-assistant-governor-sarah-hunter/047aceb4-afb0-4bbd-8af3-07aa30a4f3d6,finance,https://www.9news.com.au/finance,9news
Clothes retailers are paying the price for our unseasonably warm autumn,https://www.9news.com.au/finance/spending-data-april-warm-weather-hits-clothes-retailers/8df667ec-5132-4e69-a4cc-e78d6a63eaff,finance,https://www.9news.com.au/finance,9news
Beyond the bond: Why landlord insurance covers more than you think,https://www.9news.com.au/finance/beyond-the-bond-why-landlord-insurance-covers-more-than-you-think/2340a41c-e57c-455b-a4ca-e4f0329e2337,finance,https://www.9news.com.au/finance,9news
"The 80,000 Aussies to be hit with new superannuation tax",https://www.9news.com.au/finance/superannuation-changes-2025-all-new-super-fund-changes-explained/6cf3ace6-fa21-4309-b20d-910028eae0a9,finance,https://www.9news.com.au/finance,9news
Rich list revealed: The top ten wealthiest people in Australia,https://www.9news.com.au/finance/afr-top-ten-rich-list/026800e0-4ed6-482c-acb6-17be181f1534,finance,https://www.9news.com.au/finance,9news
Revealed: The top ten richest people in Australia,https://www.9news.com.au/finance/afr-top-ten-rich-list/76572e2f-95a1-417c-8f1a-07c23fecb888,finance,https://www.9news.com.au/finance,9news
'Not nailed on': New inflation figures cast doubt on next rate cut,https://www.9news.com.au/finance/inflation-australia-april-cpi-egg-price-rise-interest-rates-implications/c1d4aba5-0bee-4a4b-b3e3-dc2d8e96e74d,finance,https://www.9news.com.au/finance,9news
Think property prices are about to balloon after rate cut? It's complicated,https://www.9news.com.au/finance/property-prices-australia-following-reserve-bank-interest-rate-cut/b92710b5-d333-4285-8f97-5c7bd86db621,finance,https://www.9news.com.au/finance,9news
Wall Street nosedive over Trump tax bill,https://www.9news.com.au/finance/dow-index-falls-800-points-amid-concerns-over-trump-tax-bill/004813bf-bb50-4a0c-bee9-07586c6ded5c,finance,https://www.9news.com.au/finance,9news
Millions in the dark as 'lead balloon' hangs over Aussies' $1.6 trillion,https://www.9news.com.au/finance/interest-rates-australia-saving-accounts-big-four-banks/10fc751b-9e7e-44c5-a466-f0622122a1be,finance,https://www.9news.com.au/finance,9news
Millions of home owners holding out for more interest rate cuts: survey,https://www.9news.com.au/finance/more-interest-rate-cuts-needed-by-millions-of-mortgage-holders-finder-survey/4a80ce9e-6475-424b-8e02-771e1bf48064,finance,https://www.9news.com.au/finance,9news
AS IT HAPPENED: RBA considered super-sized rate cut,https://www.9news.com.au/finance/interest-rates-reserve-bank-australia-meeting-cash-rate-may-20-live-updates/1f97d894-76da-40fa-a742-77b31459a3be,finance,https://www.9news.com.au/finance,9news
Unemployment rate steady days before RBA interest rates meeting,https://www.9news.com.au/finance/unemployment-april-jobless-rate-steady-4-1-per-cent/14ef20ab-6cdf-4ad7-b251-9e4f4f9a5fe1,finance,https://www.9news.com.au/finance,9news
Aussies get pay boost not seen for almost a year ahead of rate cut call,https://www.9news.com.au/finance/wage-price-index-march-quarter/10a79757-49e6-4ae9-b2a5-aa36b1c89156,finance,https://www.9news.com.au/finance,9news
ASIC sues broking arm of investment bank Macquarie,https://www.9news.com.au/finance/asic-sues-broking-division-of-macquarie-investment-bank/f276b7e0-509c-44f4-9923-70609e1a37b2,finance,https://www.9news.com.au/finance,9news
Aussies still pessimistic about economy despite easing inflation,https://www.9news.com.au/finance/cost-of-living-easing-why-many-aussies-still-feel-the-pinch-despite-lower-inflation/7a4bc908-1cc3-4b3a-9161-c566db2df111,finance,https://www.9news.com.au/finance,9news
Stocks soar after US and China announce 90-day truce in trade war,https://www.9news.com.au/finance/stocks-sp-500-dow-jones-and-nasdaq-after-us-and-china-announce-90-day-truce-in-trade-war/be4897a3-18f6-4e70-9c57-75fbd4a7c459,finance,https://www.9news.com.au/finance,9news
Big four bank jumps the gun on rate cut ahead of RBA meeting,https://www.9news.com.au/finance/finance-news-australia-anz-cuts-fixed-interest-rates/caa37d5a-0098-427d-a902-db9fc82f16b2,finance,https://www.9news.com.au/finance,9news
US real estate giant CoStar to buy Domain in $3 billion deal,https://www.9news.com.au/finance/real-estate-costar-to-buy-domain/8145c018-3383-41bb-91f4-be0aa550ab6a,finance,https://www.9news.com.au/finance,9news
Stocks leap in worldwide rally after Trump softens tough talk on trade,https://www.9news.com.au/finance/donald-trump-update-stocks-leaps-in-worldwide-rally-after-us-president-softens-tough-talk-on-trade-and-fed/9417a885-ee9f-46e9-add4-0bb28b60501e,finance,https://www.9news.com.au/finance,9news
Wall Street and US dollar tumble amid Trump anger at Federal Reserve chair,https://www.9news.com.au/finance/donald-trump-trade-war-wall-street-and-us-dollar-tumble/c4c425be-e721-4aa9-bdb6-626dec02469b,finance,https://www.9news.com.au/finance,9news
Stocks tumbles as China tariffs set even higher than thought,https://www.9news.com.au/finance/donald-trump-tariffs-update-us-stocks-lose-as-white-house-reveals-china-tariffs-higher-than-thought/e3247618-6252-4962-b068-17637f361640,finance,https://www.9news.com.au/finance,9news
US stocks soar 7% after Trump pauses some of his tariffs,https://www.9news.com.au/finance/donald-trump-tariffs-update-us-stocks-shake-in-twitchy-trading-as-bonds-show-more-stress/509e28f1-b4c9-41d3-a05e-8ebaf8baf01f,finance,https://www.9news.com.au/finance,9news
Single Trump sentence spells potentially dire news for Aussie industry,https://www.9news.com.au/finance/donald-trump-tariffs-threat-pharmaceuticals-tax-impact-australia/ad93f968-af04-4218-885e-6e8caef8b9d9,finance,https://www.9news.com.au/finance,9news
What to do in the face of financial market uncertainty,https://www.9news.com.au/finance/markets-today-what-to-do-in-the-face-of-financial-market-uncertainty/c7a59493-708d-4139-a8ef-eca23aa4ab17,finance,https://www.9news.com.au/finance,9news
Super-sized interest rate cut within weeks 'can't be ruled out',https://www.9news.com.au/finance/interest-rates-australia-chance-50-basis-point-cut/200edb52-825d-41ac-a173-6c146259fa55,finance,https://www.9news.com.au/finance,9news
Stocks rise after historic losses sparked by Trump's tariffs,https://www.9news.com.au/finance/donald-trump-tariffs-update-stocks-rise-on-wall-street-after-historic-losses/e321b217-a020-4d66-bd50-8767a70457fd,finance,https://www.9news.com.au/finance,9news
Treasurer flags 'multiple' interest rate cuts amid market turmoil,https://www.9news.com.au/finance/interest-rate-cut-expected-in-may-amid-global-economic-uncertainty/9009b72a-c8f2-471f-94d8-cae0d8154b5e,finance,https://www.9news.com.au/finance,9news
$300 million lifeline from US casino giant keeps Star alive,https://www.9news.com.au/finance/star-entertainment-lifeline-ballys-corporation/b6fbf63f-da90-4cbd-b3a5-1f881358e99c,finance,https://www.9news.com.au/finance,9news
Australian economy to dodge worst tariff impacts – but there's a catch,https://www.9news.com.au/finance/donald-trump-tariffs-treasury-analysis-impact-australia-economy/f69e0f3c-afe4-4780-af01-55836c4b3016,finance,https://www.9news.com.au/finance,9news
Aussie share market loses $57 billion in biggest drop in eight months,https://www.9news.com.au/finance/trump-tariff-news-australian-shares-lose-35-billion-dollars/d1ee71b6-9096-40aa-bc1e-e131e6321072,finance,https://www.9news.com.au/finance,9news
How hard will Trump's new tariffs impact the Australian economy?,https://www.9news.com.au/finance/donald-trump-tariffs-economic-impact-australia-explained/a4f2524c-612b-455a-99b3-7162e35f1485,finance,https://www.9news.com.au/finance,9news
Markets plunge as Trump tariffs deliver shock waves to world economy,https://www.9news.com.au/finance/donald-trump-tariffs-stocks-tumble-after-latest-tariff-volley-heightens-chance-of-broader-trade-war/fc8b3ea5-fc40-4d70-82f7-21abb4707f08,finance,https://www.9news.com.au/finance,9news
RBA 'didn't discuss' possibility of cut before leaving rates on hold,https://www.9news.com.au/finance/australia-interest-rates-rba-april-1-decision/24ced2bc-8eaf-465a-8346-eb33852490a1,finance,https://www.9news.com.au/finance,9news
The Reject Shop snapped up by Canadian retail giant,https://www.9news.com.au/finance/the-reject-shop-to-be-acquired-by-canadian-retail-giant/c1353603-df3d-47dc-846c-ce48c010e210,finance,https://www.9news.com.au/finance,9news
Police officer dies suddenly on the beach while playing with his kids,https://www.9news.com.au/national/police-officer-dies-suddenly-on-the-beach-while-playing-with-his-kids/7251553d-762e-4b56-9ab0-2d744ddf6df0,finance,https://www.9news.com.au/finance,9news
Swifties turn concert into actual earthquake,https://www.9news.com.au/world/today-in-history-july-22-what-happened-on-this-day-in-pictures/1a289067-9b81-4717-ae8c-796cc228f66e,finance,https://www.9news.com.au/finance,9news
The Cosby Show actor dies in drowning accident,https://www.9news.com.au/world/malcolm-jamal-warner-the-cosby-show-theo-actor-dies-in-drowning-accident-costa-rica/07f92793-6de1-4ead-b4d4-8b6f28757b58,finance,https://www.9news.com.au/finance,9news
Air Force training jet crashes into Dhaka school and kills at least 19,https://www.9news.com.au/world/plane-crash-dhaka-bangladesh-air-force-training-jet-crashes-into-school/5cb50396-509a-4987-b896-95ba9fffddae,finance,https://www.9news.com.au/finance,9news
‘Real and genuine’ threat to NRL emerges,https://www.skynews.com.au/australia-news/sport,sport,https://www.skynews.com.au/sport,skynews
‘You’ve got me’: NRL great learns fate following high-range drink driving,https://www.skynews.com.au/australia-news/sport,sport,https://www.skynews.com.au/sport,skynews
Wrexham mania grips NSW ahead of blockbuster clash with Sydney FC,https://www.skynews.com.au/australia-news/sport,sport,https://www.skynews.com.au/sport,skynews
Newcastle Knights set to tear up coach’s contract while star fullback eyes exit,https://www.skynews.com.au/australia-news/sport,sport,https://www.skynews.com.au/sport,skynews
Minns red-faced after losing Origin bet with Qld premier,https://www.skynews.com.au/australia-news/sport,sport,https://www.skynews.com.au/sport,skynews
‘I made a mistake’: West Coast AFL star handed huge ban over homophobic slur,https://www.skynews.com.au/australia-news/sport,sport,https://www.skynews.com.au/sport,skynews
Noel Pearson slammed for ‘bagging’ out 2032 Brisbane Olympics,https://www.skynews.com.au/australia-news/sport,sport,https://www.skynews.com.au/sport,skynews
‘Crossed the line’: Collingwood member handed hefty ban after threatening Carlton coach,https://www.skynews.com.au/australia-news/sport,sport,https://www.skynews.com.au/sport,skynews
Disgusting act towards Blues star as Qld stun NSW in famous State of Origin series victory,https://www.skynews.com.au/australia-news/sport,sport,https://www.skynews.com.au/sport,skynews
Christian Horner sacked from Red Bull F1 team,https://www.skynews.com.au/australia-news/sport,sport,https://www.skynews.com.au/sport,skynews
‘Completely unacceptable’: Carlton coach targeted in disturbing threat amid club turmoil,https://www.skynews.com.au/australia-news/sport,sport,https://www.skynews.com.au/sport,skynews
Police reveal likely reason behind crash which killed football star and brother,https://www.skynews.com.au/australia-news/sport,sport,https://www.skynews.com.au/sport,skynews
Queensland captain Cameron Munster to play Origin III following tragic death of father,https://www.skynews.com.au/australia-news/sport,sport,https://www.skynews.com.au/sport,skynews
Queensland facing tradie shortfall crisis over 2032 Olympics build,https://www.skynews.com.au/australia-news/sport,sport,https://www.skynews.com.au/sport,skynews
Aussie teen makes winning Wimbledon debut as famous father watches on,https://www.skynews.com.au/australia-news/sport,sport,https://www.skynews.com.au/sport,skynews
Maroons captain rocked by tragic death of his father,https://www.skynews.com.au/australia-news/sport,sport,https://www.skynews.com.au/sport,skynews
State of Origin captain rocked by tragic death of father,https://www.skynews.com.au/australia-news/sport,sport,https://www.skynews.com.au/sport,skynews
Documents reveal new Olympic train station and stadium planned for Brisbane Games,https://www.skynews.com.au/australia-news/sport,sport,https://www.skynews.com.au/sport,skynews
‘A slap in the face’: Cricket Australia accused of failing key test after Australia Day snub,https://www.skynews.com.au/australia-news/sport,sport,https://www.skynews.com.au/sport,skynews
‘Pathetic’: Cricket chiefs blasted for woke Australia Day call,https://www.skynews.com.au/australia-news/sport,sport,https://www.skynews.com.au/sport,skynews
Royal family member found dead with ‘firearm nearby’,https://www.skynews.com.au/lifestyle/celebrity-life/she-will-be-sorely-missed-prince-william-and-prince-harrys-20yearold-cousin-rosie-roche-found-dead-at-family-home-with-a-firearm-nearby-inquest-hears/news-story/ecf8a672ea9c01d36678332d3c80b83c,lifestyle,https://www.skynews.com.au/lifestyle,skynews
Mum left shocked by how fellow parents reacted to her losing daughter,https://www.skynews.com.au/lifestyle/trending/silence-aussie-mum-reveals-the-shocking-way-other-parents-reacted-when-she-lost-her-threeyearold-daughter-at-busy-playground/news-story/85ae094058c15953581f2c642fd62b9b,lifestyle,https://www.skynews.com.au/lifestyle,skynews
Ex staffer reveals who the ‘smartest’ royals are,https://www.skynews.com.au/lifestyle/celebrity-life/very-intelligent-former-royal-butler-grant-harrold-reveals-the-most-intelligent-royals-and-where-he-thinks-king-charles-iii-ranks-in-the-family/news-story/2a397348e6e7337b1862da9462de7ae8,lifestyle,https://www.skynews.com.au/lifestyle,skynews
Social media furious over wedding DJ contract clause on being a ‘bridezilla’,https://www.skynews.com.au/lifestyle/reddit-users-divided-over-wedding-dj-contract-which-bans-clients-from-turning-into-a-bridezilla/news-story/0be17693baaccfd0fedf28898add0df3,lifestyle,https://www.skynews.com.au/lifestyle,skynews
Fake account of Coldplay concert CEO’s daughter goes viral,https://www.skynews.com.au/lifestyle/viral-social-media-account-pretending-to-be-coldplay-concert-ceos-daughter-exposed-as-fake/news-story/9b333a2008bea31d4b70282e959b518c,lifestyle,https://www.skynews.com.au/lifestyle,skynews
Sad news for popular surf spot at Aussie favourite tourist destination,https://www.skynews.com.au/lifestyle/demolition-of-businesses-begins-at-popular-bali-surf-spot-bingin-beach-voiding-bookings-of-australian-travellers/news-story/2cf246a92ec184c386af9715ed4d38f3,lifestyle,https://www.skynews.com.au/lifestyle,skynews
"‘Double pay, fake job’: How much Aussie traffic controllers really earn",https://www.skynews.com.au/lifestyle/trending/double-pay-fake-job-traffic-controllers-in-australia-lift-the-lid-on-their-salaries-with-some-earning-hundred-of-thousands-a-year-to-bludge-their-way-to-financial-freedom/news-story/8fb272857c9e7aca307141a99e25e900,lifestyle,https://www.skynews.com.au/lifestyle,skynews
Osher Gunsberg’s fiery TV clash as tango backfires,https://www.skynews.com.au/lifestyle/that-is-not-my-job-bachelor-host-osher-gunsberg-embroiled-in-fiery-clash-with-dancing-with-the-stars-judge-craig-revel-horwood-before-elimination/news-story/4c2b89095739cda6caae8f2d8e8d757a,lifestyle,https://www.skynews.com.au/lifestyle,skynews
Beloved ABC star tragically dies just weeks after retirement,https://www.skynews.com.au/lifestyle/celebrity-life/weve-all-lost-a-good-one-esteemed-abc-journalist-and-walkley-award-winner-peter-ryan-tragically-dies-aged-64-after-long-fight-with-thyroid-cancer/news-story/180a17906462665d77a0301f393c76fe,lifestyle,https://www.skynews.com.au/lifestyle,skynews
Ellen DeGeneres admits she fled the US ‘because of Trump’,https://www.skynews.com.au/lifestyle/celebrity-life,lifestyle,https://www.skynews.com.au/lifestyle,skynews
‘There is pressure’: Late night TV in the ‘crosshairs’ following axing of Colbert’s show,https://www.skynews.com.au/lifestyle/arts-and-culture,lifestyle,https://www.skynews.com.au/lifestyle,skynews
Jelena Dokic shocks with slimmer-than-ever figure in pyjamas post,https://www.skynews.com.au/lifestyle/celebrity-life,lifestyle,https://www.skynews.com.au/lifestyle,skynews
Axed Today star Alex Cullen resurfaces with rival network gig,https://www.skynews.com.au/lifestyle/celebrity-life,lifestyle,https://www.skynews.com.au/lifestyle,skynews
Why social media is erupting over this Sydney street parking spot,https://www.skynews.com.au/lifestyle/trending,lifestyle,https://www.skynews.com.au/lifestyle,skynews
Health alert for Queensland after second ever Australian case of Clade 1 strain of monkeypox detected,https://www.skynews.com.au/lifestyle/health,lifestyle,https://www.skynews.com.au/lifestyle,skynews
Astronomer CEO resigns after Coldplay kiss-cam incident sparks online outrage,https://www.skynews.com.au/lifestyle/trending,lifestyle,https://www.skynews.com.au/lifestyle,skynews
Most heavily-tattooed Aussie state revealed as more turn to laser removal,https://www.skynews.com.au/lifestyle/celebrity-life,lifestyle,https://www.skynews.com.au/lifestyle,skynews
Nicole Kidman shares much-awaited post with beloved co-star,https://www.skynews.com.au/lifestyle/celebrity-life,lifestyle,https://www.skynews.com.au/lifestyle,skynews
Police dog who took part in late Queen’s funeral killed in car crash,https://www.skynews.com.au/world-news/united-kingdom,lifestyle,https://www.skynews.com.au/lifestyle,skynews
Major development in CEO’s ‘cheating’ scandal at Coldplay concert,https://www.skynews.com.au/lifestyle,lifestyle,https://www.skynews.com.au/lifestyle,skynews
ABC personality under fire over Anne Frank joke,https://www.skynews.com.au/lifestyle,lifestyle,https://www.skynews.com.au/lifestyle,skynews
The Late Show With Stephen Colbert to be cancelled in 2026,https://www.skynews.com.au/lifestyle/celebrity-life,lifestyle,https://www.skynews.com.au/lifestyle,skynews
‘Here to stay’: Kmart speaks out after social media backlash,https://www.skynews.com.au/lifestyle/celebrity-life,lifestyle,https://www.skynews.com.au/lifestyle,skynews
Major royal’s shock ‘bullying’ claim amid Prince Harry feud,https://www.skynews.com.au/lifestyle/celebrity-life,lifestyle,https://www.skynews.com.au/lifestyle,skynews
‘This is beyond woke’ Social media outrage as actress set to play Jesus,https://www.skynews.com.au/lifestyle,lifestyle,https://www.skynews.com.au/lifestyle,skynews
Reality TV star’s unbelievable excuse for parking in a loading zone,https://www.skynews.com.au/lifestyle/celebrity-life,lifestyle,https://www.skynews.com.au/lifestyle,skynews
Seven presenter’s shock career announcement after birth of first child,https://www.skynews.com.au/lifestyle/celebrity-life,lifestyle,https://www.skynews.com.au/lifestyle,skynews
Latest ratings show 10 News+ viewership plummeting,https://www.skynews.com.au/lifestyle/celebrity-life,lifestyle,https://www.skynews.com.au/lifestyle,skynews
Princess Catherine’s PA unfollows royal after leaving The Firm,https://www.skynews.com.au/lifestyle/celebrity-life,lifestyle,https://www.skynews.com.au/lifestyle,skynews
Biz behind loud car speakers used at meet-ups insists ‘clientele is all families’,https://www.skynews.com.au/world-news/united-states/business-behind-obnoxiously-loud-new-york-churchero-car-speakers-used-at-meetups-insists-our-clientele-is-all-families/news-story/cf8ca2044843e9fe20c32fe0db12bf2a,finance,https://www.skynews.com.au/business,skynews
‘Taxpayers pay twice’: Energy crisis forces Labor to consider ‘band aid solutions’ for failing metal smelters,https://www.skynews.com.au/business/energy/energy-crisis-forces-labor-to-mull-band-aid-solutions-for-failing-metal-smelters-as-energy-crisis-plagues-manufacturers/news-story/31c95fb8d9de39f254d65c7e31b3311a,finance,https://www.skynews.com.au/business,skynews
ASX 200 sheds more than $32b after surging to record highs,https://www.skynews.com.au/business/markets/asx-200-sheds-more-than-25-billion-on-monday-after-surging-about-23-per-cent-over-late-last-week/news-story/58d35938efefa056de9b12b3ed98c3ec,finance,https://www.skynews.com.au/business,skynews
Behind the crackdown on $14b of drug money laundering,https://www.skynews.com.au/business/finance/austrac-broadens-scope-of-antimoney-laundering-crackdown-to-target-billions-of-dollars-of-drug-money-investment/news-story/5e6bfb482d99b2c59baa0e3171f0e42a,finance,https://www.skynews.com.au/business,skynews
Business Weekend | 20 July,https://www.skynews.com.au/stream/news-shows/business-weekend/business-weekend-20-july/video/564cf52dd05cf288c0c4227e80647036,finance,https://www.skynews.com.au/business,skynews
Business Weekend | 6 July,https://www.skynews.com.au/stream/news-shows/business-weekend/business-weekend-6-july/video/3be1375cebb92057d261bf64cf6335e3,finance,https://www.skynews.com.au/business,skynews
Business Weekend | 22 June,https://www.skynews.com.au/stream/news-shows/business-weekend/business-weekend-22-june/video/cb6fe75974806b0dfd625ce7eb27d128,finance,https://www.skynews.com.au/business,skynews
US and European markets ‘baulk’ at higher rate of tariffs on EU imports,https://www.skynews.com.au/business/markets,finance,https://www.skynews.com.au/business,skynews
Unions seek shorter work week to boost productivity,https://www.skynews.com.au/business,finance,https://www.skynews.com.au/business,skynews
Demand ‘picking up’ around the Byron Bay area,https://www.skynews.com.au/business/real-estate,finance,https://www.skynews.com.au/business,skynews
Behind the crackdown on $14b of drug money laundering,https://www.skynews.com.au/business/finance,finance,https://www.skynews.com.au/business,skynews
RBA ‘made a mistake’ with shock interest rate hold,https://www.skynews.com.au/business/finance,finance,https://www.skynews.com.au/business,skynews
‘Weakness starting to come through’: Unemployment rate rises from 4.1 per cent to 4.3 per cent,https://www.skynews.com.au/business,finance,https://www.skynews.com.au/business,skynews
ASX 200 cracks best performing day since April,https://www.skynews.com.au/business/markets,finance,https://www.skynews.com.au/business,skynews
Sydney dining hotspot closes after seven iconic years,https://www.skynews.com.au/australia-news,finance,https://www.skynews.com.au/business,skynews
BHP’s potential $1.7b Canada mine blowout puts Olympic Dam decision in focus,https://www.skynews.com.au/business/finance,finance,https://www.skynews.com.au/business,skynews
Shoppers in Melbourne face penalties for breaking broccoli stalks in wild warning,https://www.skynews.com.au/australia-news,finance,https://www.skynews.com.au/business,skynews
‘Lying to workers’: Australia’s largest company accused of sacking hundreds and shipping jobs to India,https://www.skynews.com.au/business/finance,finance,https://www.skynews.com.au/business,skynews
CBS cancels ‘Late Show With Stephen Colbert’ citing financial reasons,https://www.skynews.com.au/business/media,finance,https://www.skynews.com.au/business,skynews
ASX continues to soar after a boom on Wall Street,https://www.skynews.com.au/business/markets,finance,https://www.skynews.com.au/business,skynews
Markets to open on ‘positive footing’,https://www.skynews.com.au/business/markets,finance,https://www.skynews.com.au/business,skynews
Leading economist tears apart Labor’s unemployment rise explanation,https://www.skynews.com.au/business/finance,finance,https://www.skynews.com.au/business,skynews
‘Slow down in the labour market’: Unemployment rate rises to 4.3 per cent from 4.1 per cent,https://www.skynews.com.au/business,finance,https://www.skynews.com.au/business,skynews
Fair Work Commission ruling could have massive impact on WFH arrangements,https://www.skynews.com.au/australia-news,finance,https://www.skynews.com.au/business,skynews
Major delivery service partners with Afterpay as younger Aussies abandon credit cards,https://www.skynews.com.au/business/markets,finance,https://www.skynews.com.au/business,skynews
Surprising demographic are Australia’s ‘most financially cautious’ shoppers,https://www.skynews.com.au/australia-news,finance,https://www.skynews.com.au/business,skynews
Qantas heads to court over massive cyber attack,https://www.skynews.com.au/business/tech-and-innovation,finance,https://www.skynews.com.au/business,skynews
