title,url,category,source,source_site,content,text,predicted_category,cluster_id
Kyrgios 'cooked' as he labours and loses in first match since March,https://www.abc.net.au/news/2025-07-22/nick-kyrgios-gael-monfils-doubles-return-to-tennis/105557724,sport,https://www.abc.net.au/news/sport,abc,,Kyrgios 'cooked' as he labours and loses in first match since March ,sports,0
"The path to hell is up, not down, on this Tour de France climb with a deadly history",https://www.abc.net.au/news/2025-07-22/tour-de-france-mont-ventoux-most-famous-climbs/105500342,sport,https://www.abc.net.au/news/sport,abc,,"The path to hell is up, not down, on this Tour de France climb with a deadly history ",music,-1
Kevin Walters earns major endorsement for Kangaroos coaching job,https://www.abc.net.au/news/2025-07-22/isaah-yeo-kevin-walters-kangaroos-coach/105557654,sport,https://www.abc.net.au/news/sport,abc,,Kevin Walters earns major endorsement for Kangaroos coaching job ,sports,1
Swan becomes latest AFL player cited over homophobic slur,https://www.abc.net.au/news/2025-07-21/afl-riak-andrew-cited-homophobic-slur-investigation-swans/105556812,sport,https://www.abc.net.au/news/sport,abc,,Swan becomes latest AFL player cited over homophobic slur ,sports,-1
'Everyone stands around and waits': New AFL boss reveals plan to speed up game,https://www.abc.net.au/news/2025-07-21/afl-greg-swann-quarter-lengths-rule-changes-bounce/105556014,sport,https://www.abc.net.au/news/sport,abc,,'Everyone stands around and waits': New AFL boss reveals plan to speed up game ,sports,-1
Perth dancer makes Dallas Cowboys cheerleading team after 'cutthroat' process,https://www.abc.net.au/news/2025-07-21/perth-dancer-faith-ward-makes-dallas-cowboys-cheerleaders/105556478,sport,https://www.abc.net.au/news/sport,abc,,Perth dancer makes Dallas Cowboys cheerleading team after 'cutthroat' process ,sports,-1
FIFA boss offers support as England star quits social media over 'hate crime',https://www.abc.net.au/news/2025-07-21/football-jess-carter-racist-abuse-infantino-fifa-support/105556750,sport,https://www.abc.net.au/news/sport,abc,,FIFA boss offers support as England star quits social media over 'hate crime' ,sports,2
Meet the Canberrans in Australia's national dragon boating team,https://www.abc.net.au/news/sport,sport,https://www.abc.net.au/news/sport,abc,,Meet the Canberrans in Australia's national dragon boating team ,sports,3
Traditional rugby league match breaks down barriers in NAIDOC week.,https://www.abc.net.au/news/sport,sport,https://www.abc.net.au/news/sport,abc,,Traditional rugby league match breaks down barriers in NAIDOC week. ,sports,4
Crash site where Liverpool player Diogo Jota and his brother died,https://www.abc.net.au/news/sport,sport,https://www.abc.net.au/news/sport,abc,,Crash site where Liverpool player Diogo Jota and his brother died ,sports,5
Ghanaian-Australian AFL players making their mark in the league.,https://www.abc.net.au/news/sport,sport,https://www.abc.net.au/news/sport,abc,,Ghanaian-Australian AFL players making their mark in the league. ,sports,6
Political upheaval sparks concerns over the future of Tasmania's AFL team dream,https://www.abc.net.au/news/sport,sport,https://www.abc.net.au/news/sport,abc,,Political upheaval sparks concerns over the future of Tasmania's AFL team dream ,sports,7
Meet the Canberrans in Australia's national dragon boating team,https://www.abc.net.au/news/sport,sport,https://www.abc.net.au/news/sport,abc,,Meet the Canberrans in Australia's national dragon boating team ,sports,3
Traditional rugby league match breaks down barriers in NAIDOC week.,https://www.abc.net.au/news/sport,sport,https://www.abc.net.au/news/sport,abc,,Traditional rugby league match breaks down barriers in NAIDOC week. ,sports,4
Crash site where Liverpool player Diogo Jota and his brother died,https://www.abc.net.au/news/sport,sport,https://www.abc.net.au/news/sport,abc,,Crash site where Liverpool player Diogo Jota and his brother died ,sports,5
Ghanaian-Australian AFL players making their mark in the league.,https://www.abc.net.au/news/sport,sport,https://www.abc.net.au/news/sport,abc,,Ghanaian-Australian AFL players making their mark in the league. ,sports,6
Political upheaval sparks concerns over the future of Tasmania's AFL team dream,https://www.abc.net.au/news/sport,sport,https://www.abc.net.au/news/sport,abc,,Political upheaval sparks concerns over the future of Tasmania's AFL team dream ,sports,7
InZane RL - Will Cameron Munster earn $2 million per season at the Perth Bears?,https://www.abc.net.au/listen/programs/best-of-abc-sport-podcast/inzane-rl-can-pvl-top-the-afl-s-broadcast-deal-/105556134,sport,https://www.abc.net.au/news/sport,abc,,InZane RL - Will Cameron Munster earn $2 million per season at the Perth Bears? ,sports,-1
Denis Carnahan's Song of the Week: Zac!,https://www.abc.net.au/listen/programs/abc-nrl-daily/denis-carnahan-s-song-of-the-week-zac-/105552690,sport,https://www.abc.net.au/news/sport,abc,,Denis Carnahan's Song of the Week: Zac! ,music,-1
Royce Simmons: We're crying out for all Rugby League supporters to get on board,https://www.abc.net.au/listen/programs/abc-nrl-daily/royce-simmons-we-re-crying-out-for-all-rugby-league-supporters-t/105552664,sport,https://www.abc.net.au/news/sport,abc,,Royce Simmons: We're crying out for all Rugby League supporters to get on board ,sports,-1
ABC SPORT DAILY,https://www.abc.net.au/listen/programs/abc-sport-daily/,sport,https://www.abc.net.au/news/sport,abc,,ABC SPORT DAILY ,sports,-1
The Grandstand Cricket Podcast,https://www.abc.net.au/listen/programs/the-grandstand-cricket-podcast,sport,https://www.abc.net.au/news/sport,abc,,The Grandstand Cricket Podcast ,sports,-1
School of Sport Podcast,https://www.abc.net.au/listen/programs/theminefield/school-of-sport/104950760,sport,https://www.abc.net.au/news/sport,abc,,School of Sport Podcast ,sports,-1
The ABC Tennis Podcast,https://www.abc.net.au/listen/programs/the-abc-tennis-podcast,sport,https://www.abc.net.au/news/sport,abc,,The ABC Tennis Podcast ,sports,-1
In-Zane Rugby League,https://www.abc.net.au/pacific/programs/in-zane-rugby-league,sport,https://www.abc.net.au/news/sport,abc,,In-Zane Rugby League ,sports,-1
Best of ABC Sport,https://www.abc.net.au/radio/programs/best-of-abc-sport-podcast/,sport,https://www.abc.net.au/news/sport,abc,,Best of ABC Sport ,sports,-1
"When the Lions first came to Australia, over half their games were Aussie Rules",https://www.abc.net.au/news/2025-07-12/british-and-irish-lions-played-victorian-rules-football/105291494,sport,https://www.abc.net.au/news/sport,abc,,"When the Lions first came to Australia, over half their games were Aussie Rules ",sports,-1
'Huge dysphoria': First current AFLW player undergoes top surgery,https://www.abc.net.au/news/2025-06-20/tilly-lucas-rodd-top-surgery-first-aflw-player/105432144,sport,https://www.abc.net.au/news/sport,abc,,'Huge dysphoria': First current AFLW player undergoes top surgery ,sports,-1
"Venus Williams is back on tour, and wishes Serena was too",https://www.abc.net.au/news/2025-07-21/venus-williams-back-on-tour-wishes-serena-come-out-retirement/105554142,sport,https://www.abc.net.au/news/sport,abc,,"Venus Williams is back on tour, and wishes Serena was too ",music,8
Opals triumph as Australia beats Japan to win Asia Cup for first time,https://www.abc.net.au/news/2025-07-21/opals-triumph-australia-beats-japan-win-asia-cup-for-first-time/105553736,sport,https://www.abc.net.au/news/sport,abc,,Opals triumph as Australia beats Japan to win Asia Cup for first time ,sports,-1
Alaphilippe celebrates Tour stage win — only to find he's third,https://www.abc.net.au/news/2025-07-21/tour-de-france-stage-15-alaphilippe-celebrates-finds-he-is-third/105552862,sport,https://www.abc.net.au/news/sport,abc,,Alaphilippe celebrates Tour stage win — only to find he's third ,sports,-1
Alarming climate data shows 'existential threat' facing cricket,https://www.abc.net.au/news/2025-07-22/cricket-climate-change-report-hit-for-six/105554224,sport,https://www.abc.net.au/news/sport,abc,,Alarming climate data shows 'existential threat' facing cricket ,sports,-1
The West Indies tour was supposed to show us the way forward — then it didn't,https://www.abc.net.au/news/2025-07-16/australia-batting-west-indies-ashes-sam-konstas-cameron-green/105536848,sport,https://www.abc.net.au/news/sport,abc,,The West Indies tour was supposed to show us the way forward — then it didn't ,music,-1
The records that tumbled on a remarkable day of Test cricket in Jamaica,https://www.abc.net.au/news/2025-07-15/boland-starc-records-in-australia-test-win-over-west-indies/105532504,sport,https://www.abc.net.au/news/sport,abc,,The records that tumbled on a remarkable day of Test cricket in Jamaica ,sports,-1
Country footballers desperate for concussion treatment book out clinic,https://www.abc.net.au/news/2025-07-22/bendigo-concussion-clinic-high-demand-for-treatment/105371748,sport,https://www.abc.net.au/news/sport,abc,,Country footballers desperate for concussion treatment book out clinic ,sports,-1
"Footy, art and culture draw big crowds to Tiwi Islands on grand final day",https://www.abc.net.au/news/2025-07-21/nt-tiwi-islands-football-grand-final-2025-winners-tigers-magpies/105549846,sport,https://www.abc.net.au/news/sport,abc,,"Footy, art and culture draw big crowds to Tiwi Islands on grand final day ",lifestyle,-1
Kevin Walters earns major endorsement for Kangaroos coaching job,https://www.abc.net.au/news/2025-07-22/isaah-yeo-kevin-walters-kangaroos-coach/105557654,sport,https://www.abc.net.au/news/sport,abc,,Kevin Walters earns major endorsement for Kangaroos coaching job ,sports,1
'Big game players' step up for Lions in first Test victory,https://www.abc.net.au/news/2025-07-20/british-and-irish-lions-finn-russell-tom-curry/105551334,sport,https://www.abc.net.au/news/sport,abc,,'Big game players' step up for Lions in first Test victory ,sports,-1
Wallabies to assess damage of Lions Test loss in the 'cold light of day',https://www.abc.net.au/news/2025-07-20/wallabies-british-and-irish-lions-first-test-loss/105551572,sport,https://www.abc.net.au/news/sport,abc,,Wallabies to assess damage of Lions Test loss in the 'cold light of day' ,sports,-1
FIFA boss offers support as England star quits social media over 'hate crime',https://www.abc.net.au/news/2025-07-21/football-jess-carter-racist-abuse-infantino-fifa-support/105556750,sport,https://www.abc.net.au/news/sport,abc,,FIFA boss offers support as England star quits social media over 'hate crime' ,sports,2
Smith becomes first million-pound signing in women's football,https://www.abc.net.au/news/2025-07-18/olivia-smith-first-million-pound-player-in-womens-football/105545550,sport,https://www.abc.net.au/news/sport,abc,,Smith becomes first million-pound signing in women's football ,sports,-1
Socceroos door open for Irankunda as English move looms,https://www.abc.net.au/news/2025-07-15/sport-socceroos-door-open-for-nestory-irankunda-for-tony-popovic/105534640,sport,https://www.abc.net.au/news/sport,abc,,Socceroos door open for Irankunda as English move looms ,sports,-1
Kyrgios 'cooked' as he labours and loses in first match since March,https://www.abc.net.au/news/2025-07-22/nick-kyrgios-gael-monfils-doubles-return-to-tennis/105557724,sport,https://www.abc.net.au/news/sport,abc,,Kyrgios 'cooked' as he labours and loses in first match since March ,sports,0
"Venus Williams is back on tour, and wishes Serena was too",https://www.abc.net.au/news/2025-07-21/venus-williams-back-on-tour-wishes-serena-come-out-retirement/105554142,sport,https://www.abc.net.au/news/sport,abc,,"Venus Williams is back on tour, and wishes Serena was too ",music,8
The secret Wimbledon bet that could keep Aussie in Sinner's team,https://www.abc.net.au/news/2025-07-14/jannick-sinner-darren-cahill-wimbledon/105527950,sport,https://www.abc.net.au/news/sport,abc,,The secret Wimbledon bet that could keep Aussie in Sinner's team ,sports,-1
Sport Documentaries on ABC iview,https://iview.abc.net.au/collection/2700,sport,https://www.abc.net.au/news/sport,abc,,Sport Documentaries on ABC iview ,sports,-1
ABC Sport: Documentary — Bradman and Tendulkar,https://iview.abc.net.au/show/bradman-and-tendulkar,sport,https://www.abc.net.au/news/sport,abc,,ABC Sport: Documentary — Bradman and Tendulkar ,sports,-1
That Pacific Sports Show,https://iview.abc.net.au/show/that-pacific-sports-show,sport,https://www.abc.net.au/news/sport,abc,,That Pacific Sports Show ,sports,-1
This garden was built on a small budget. Here are the key elements,https://www.abc.net.au/news/2025-07-20/thrifty-adelaide-backyard-garden-tour/105505834,lifestyle,https://www.abc.net.au/news/lifestyle,abc,,This garden was built on a small budget. Here are the key elements ,lifestyle,-1
What are the rules for storage cages and shared garages in apartments?,https://www.abc.net.au/news/2025-07-18/dos-and-donts-of-storage-cages-in-apartments/105529876,lifestyle,https://www.abc.net.au/news/lifestyle,abc,,What are the rules for storage cages and shared garages in apartments? ,finance,-1
How I house-sat my way to solo home ownership at 42,https://www.abc.net.au/news/2025-07-16/house-sitting-helped-me-save-money-and-buy-my-own-home/105521184,lifestyle,https://www.abc.net.au/news/lifestyle,abc,,How I house-sat my way to solo home ownership at 42 ,lifestyle,-1
What to know about the HECS discount when filing your tax return,https://www.abc.net.au/news/2025-07-15/hecs-help-tax-and-discount-reduction-20-per-cent/105523234,lifestyle,https://www.abc.net.au/news/lifestyle,abc,,What to know about the HECS discount when filing your tax return ,finance,-1
How accurate and helpful are at-home UTI tests?,https://www.abc.net.au/news/2025-07-10/should-you-buy-an-at-home-uti-test/105507222,lifestyle,https://www.abc.net.au/news/lifestyle,abc,,How accurate and helpful are at-home UTI tests? ,lifestyle,-1
Should Australia have a babies-for-profit industry? Some think so,https://www.abc.net.au/news/2025-06-28/surrogacy-laws-review-commercial-surrogacy-in-australia/105431798,lifestyle,https://www.abc.net.au/news/lifestyle,abc,,Should Australia have a babies-for-profit industry? Some think so ,finance,-1
US Supreme Court gives states right to defund largest abortion provider,https://www.abc.net.au/news/2025-06-27/supreme-court-rules-on-south-carolina-s-abortion-rule/105466862,lifestyle,https://www.abc.net.au/news/lifestyle,abc,,US Supreme Court gives states right to defund largest abortion provider ,finance,-1
School holidays aren't what they used to be — parents and kids are suffering,https://www.abc.net.au/news/2025-07-12/school-holidays-vacation-care-working-parents/105516704,lifestyle,https://www.abc.net.au/news/lifestyle,abc,,School holidays aren't what they used to be — parents and kids are suffering ,lifestyle,-1
Does it matter if your child refuses to wear warm clothing in winter?,https://www.abc.net.au/news/2025-07-11/why-it-is-ok-if-your-child-will-not-wear-warm-clothing-winter/105464580,lifestyle,https://www.abc.net.au/news/lifestyle,abc,,Does it matter if your child refuses to wear warm clothing in winter? ,sports,-1
How 'birdnesting' keeps kids in the family home following a separation,https://www.abc.net.au/news/2025-07-09/how-birdnesting-keeps-kids-in-the-family-home/105407344,lifestyle,https://www.abc.net.au/news/lifestyle,abc,,How 'birdnesting' keeps kids in the family home following a separation ,lifestyle,-1
'The messy middle': How our readers balance annual leave and school holidays,https://www.abc.net.au/news/2025-07-08/readers-experiences-managing-leave-and-school-holidays/105493934,lifestyle,https://www.abc.net.au/news/lifestyle,abc,,'The messy middle': How our readers balance annual leave and school holidays ,lifestyle,-1
Tea farmers 'cannot cope' as matcha demand surges,https://www.abc.net.au/news/2025-07-16/soaring-matcha-demand-triggers-global-shortages-record-prices/105519474,lifestyle,https://www.abc.net.au/news/lifestyle,abc,,Tea farmers 'cannot cope' as matcha demand surges ,sports,-1
Australia's red wine glut likely to get worse,https://www.abc.net.au/news/2025-07-16/australias-red-wine-glut-set-to-worsen-big-2025-grape-crush/105513420,lifestyle,https://www.abc.net.au/news/lifestyle,abc,,Australia's red wine glut likely to get worse ,sports,-1
Aussie producers scrambling as major organic certifier collapses,https://www.abc.net.au/news/rural/2025-07-12/nasaa-administration-australian-organic-certification-collapse/105520134,lifestyle,https://www.abc.net.au/news/lifestyle,abc,,Aussie producers scrambling as major organic certifier collapses ,music,-1
What having multiple bank accounts could be costing you,https://www.abc.net.au/news/2025-07-01/is-having-multiple-bank-accounts-ok/105453188,lifestyle,https://www.abc.net.au/news/lifestyle,abc,,What having multiple bank accounts could be costing you ,finance,-1
How 'traveller-friendly' is your credit or debit card?,https://www.abc.net.au/news/2025-06-05/options-when-taking-money-overseas-travel/105367566,lifestyle,https://www.abc.net.au/news/lifestyle,abc,,How 'traveller-friendly' is your credit or debit card? ,lifestyle,-1
Cost-effective ways of heating your home this winter,https://www.abc.net.au/news/2025-06-28/cost-effective-ways-heat-your-home-winter-tips/105381088,lifestyle,https://www.abc.net.au/news/lifestyle,abc,,Cost-effective ways of heating your home this winter ,sports,-1
Australia to lose revenue as Trump tax backdown 'protects American companies',https://www.abc.net.au/news/2025-07-22/australia-to-miss-out-on-top-up-tax-from-multinationals-oecd/105555376,finance,https://www.abc.net.au/news/business,abc,,Australia to lose revenue as Trump tax backdown 'protects American companies' ,finance,-1
'We're at breaking point': Drought and soaring water prices push wine grape growers to exit,https://www.abc.net.au/news/2025-07-22/wine-grape-growers-battle-drought-and-soaring-water-prices/105457134,finance,https://www.abc.net.au/news/business,abc,,'We're at breaking point': Drought and soaring water prices push wine grape growers to exit ,sports,-1
'I've got fishermen in tears on the phone': $14m in federal funding as fishers count the cost,https://www.abc.net.au/news/2025-07-21/sa-murray-watt-in-adelaide-algal-bloom-funding/105554050,finance,https://www.abc.net.au/news/business,abc,,'I've got fishermen in tears on the phone': $14m in federal funding as fishers count the cost ,finance,-1
Pilot escapes injury after crash landing at regional airport,https://www.abc.net.au/news/2025-07-21/light-aircraft-crash-lands-at-west-sale-airport-in-gippsland/105553936,finance,https://www.abc.net.au/news/business,abc,,Pilot escapes injury after crash landing at regional airport ,sports,-1
The Finance Report with Alan Kohler,https://www.abc.net.au/news/business/kohler-report/,finance,https://www.abc.net.au/news/business,abc,,The Finance Report with Alan Kohler ,finance,9
The Business,https://iview.abc.net.au/show/business,finance,https://www.abc.net.au/news/business,abc,,The Business ,finance,-1
Close of Business,https://iview.abc.net.au/show/close-of-business,finance,https://www.abc.net.au/news/business,abc,,Close of Business ,finance,-1
Smokers turn to black market because quitting products too expensive,https://www.abc.net.au/news/programs/the-business/2025-07-21/smokers-turn-to-black-market-because-quitting/105556822,finance,https://www.abc.net.au/news/business,abc,,Smokers turn to black market because quitting products too expensive ,finance,-1
Monday Finance with Alan Kohler,https://www.abc.net.au/news/2025-07-21/monday-finance-with-alan-kohler/105556892,finance,https://www.abc.net.au/news/business,abc,,Monday Finance with Alan Kohler ,finance,9
Friday Finance with Daniel Ziffer,https://www.abc.net.au/news/2025-07-18/friday-finance-with-daniel-ziffer/105548932,finance,https://www.abc.net.au/news/business,abc,,Friday Finance with Daniel Ziffer ,finance,-1
Business look for certainty on environmental protection law,https://www.abc.net.au/news/programs/the-business/2025-07-17/business-look-for-certainty-on-environmental/105544590,finance,https://www.abc.net.au/news/business,abc,,Business look for certainty on environmental protection law ,finance,-1
Lachlan's legacy continues with Hughes scholarship for regenerative agriculture,https://www.abc.net.au/listen/programs/am/the-bright-side-regenerative-farming-hughes-foundaction/103693190,finance,https://www.abc.net.au/news/business,abc,,Lachlan's legacy continues with Hughes scholarship for regenerative agriculture ,lifestyle,-1
"In return for odd jobs, Averil's community built her a home from scratch",https://www.abc.net.au/listen/programs/am/the-bright-side-sapphire-economy-lets-local-economy/103658018,finance,https://www.abc.net.au/news/business,abc,,"In return for odd jobs, Averil's community built her a home from scratch ",lifestyle,-1
Thieves steal Hollywood star and AFL player's documentary footage,https://www.9news.com.au/national/koby-stevens-theft-thieves-steal-a-million-dollars-worth-of-footage-from-eric-bana-and-afl-player/5d6ed7e1-55b8-4799-bf73-ed2d6640018a,sport,https://www.9news.com.au/sport,9news,,Thieves steal Hollywood star and AFL player's documentary footage ,sports,-1
Former A-League players admit to roles in betting corruption scandal,https://www.9news.com.au/national/former-aleague-soccer-stars-admit-to-roles-in-betting-corruption-scandal/b7155ee3-6c69-4e65-841f-1f1ba3291a27,sport,https://www.9news.com.au/sport,9news,,Former A-League players admit to roles in betting corruption scandal ,sports,-1
"Runners, local business pumped ahead of Gold Coast Marathon",https://www.9news.com.au/national/gold-coast-marathon-local-international-runners-local-business-on-board-queensland-sport-news/8a0b4e0f-78fe-42fc-8052-2ff7ffbf38fc,sport,https://www.9news.com.au/sport,9news,,"Runners, local business pumped ahead of Gold Coast Marathon ",finance,-1
NFL stars visit Melbourne ahead of historic game,https://www.9news.com.au/national/nfl-stars-visit-melbourne-ahead-of-historic-game/a69e6ff4-09e0-4930-a913-ed7c7b49a020,sport,https://www.9news.com.au/sport,9news,,NFL stars visit Melbourne ahead of historic game ,sports,-1
Origin star stops 'creepy' NRL teammate groping woman,https://www.9news.com.au/national/brisbane-courts-ex-nrl-player-teui-tc-robati-not-guilty-of-pub-bathroom-rape-admits-to-separate-sexual-assault/9e068f43-1f55-4fc8-973c-48c26103e81b,sport,https://www.9news.com.au/sport,9news,,Origin star stops 'creepy' NRL teammate groping woman ,sports,-1
At least 11 dead in 'heartrending' cricket tragedy,https://www.9news.com.au/world/india-cricket-stadium-stampede-several-people-feared-dead-bengaluru-t20/df422931-7de6-43eb-b9db-186cba56ef5b,sport,https://www.9news.com.au/sport,9news,,At least 11 dead in 'heartrending' cricket tragedy ,sports,-1
Promising footy player's mum says killer driver's sentence not enough,https://www.9news.com.au/national/nick-campo-court-mum-says-killer-drivers-sentence-not-enough/0a8d16c6-0b0d-49aa-b724-ef655b5f10a2,sport,https://www.9news.com.au/sport,9news,,Promising footy player's mum says killer driver's sentence not enough ,sports,-1
Selfless reason Glenn Maxwell is retiring from ODI cricket,https://www.nine.com.au/sport/cricket/news-2025-glenn-maxwell-retires-odi-t20-world-cup-date-20250602-p5m4a5.html,sport,https://www.9news.com.au/sport,9news,,Selfless reason Glenn Maxwell is retiring from ODI cricket ,sports,-1
"Two fans dead, police officer in coma after Champions League celebrations",https://www.9news.com.au/world/champions-league-final-paris-st-germain-vs-inter-milan-fans-clash-with-riot-police-in-violent-aftermath/b0a8aa68-540c-4d00-a229-03d715a46e37,sport,https://www.9news.com.au/sport,9news,,"Two fans dead, police officer in coma after Champions League celebrations ",sports,-1
Player charged as A-League rocked by football betting scandal,https://www.9news.com.au/national/victoria-pair-charged-over-alleged-aleague-football-betting-scandal/71c60c23-a82b-4656-b94e-108bd1c872a0,sport,https://www.9news.com.au/sport,9news,,Player charged as A-League rocked by football betting scandal ,sports,-1
Hooligan behaviour as police assaulted before A-League grand final clash,https://www.9news.com.au/national/police-swarm-melbourne-venue-ahead-of-fierce-aleague-grand-final-clash/f071a0dc-bbff-4580-9602-efed72382823,sport,https://www.9news.com.au/sport,9news,,Hooligan behaviour as police assaulted before A-League grand final clash ,sports,-1
Mass brawl at local soccer game south of Sydney,https://www.9news.com.au/national/peakhurst-local-soccer-brawl-police-appeal-for-information/697b06ed-dd71-4be6-9f0d-6ecc6437cd2f,sport,https://www.9news.com.au/sport,9news,,Mass brawl at local soccer game south of Sydney ,sports,-1
Dad accused of strangling opposition player in kids' football match,https://www.9news.com.au/national/perth-father-accused-of-strangling-opposition-player-in-childrens-football-match/04900229-a1c5-4739-b1ff-1f0c46ba7bd3,sport,https://www.9news.com.au/sport,9news,,Dad accused of strangling opposition player in kids' football match ,sports,-1
Jelena Dokic's father and ex-coach Damir dies,https://www.9news.com.au/national/damir-dokic-death-jelena-dokic-statement/3d3ae11b-630e-4dac-a088-1d3263e32385,sport,https://www.9news.com.au/sport,9news,,Jelena Dokic's father and ex-coach Damir dies ,sports,-1
Adelaide soccer club under fire after 'telling boy he's not welcome',https://www.9news.com.au/national/adelaide-soccer-club-young-boy-autism/d57b4873-146d-4997-8adf-5ad828bf407e,sport,https://www.9news.com.au/sport,9news,,Adelaide soccer club under fire after 'telling boy he's not welcome' ,sports,-1
"AFL world heartbroken at death of Adam Selwood, just months after twin",https://www.nine.com.au/sport/afl/news-2025-adam-selwood-death-twin-brother-troy-joel-family-statement-20250517-p5m00n.html,sport,https://www.9news.com.au/sport,9news,,"AFL world heartbroken at death of Adam Selwood, just months after twin ",sports,-1
'Last 10 killed me': Jarryd Hayne opens up after rugby league return,https://www.9news.com.au/national/exclusive-jarryd-hayne-opens-up-after-return-to-rugby-league-in-sydney/4769bf17-a723-4720-916d-3c30e457e1d5,sport,https://www.9news.com.au/sport,9news,,'Last 10 killed me': Jarryd Hayne opens up after rugby league return ,sports,-1
Teen caught allegedly trying to enter AFL match with imitation gun,https://www.9news.com.au/national/melbourne-news-teenager-allegedly-caught-trying-to-bring-knife-and-imitation-gun-into-afl-game-docklands-stadium/c4ea9eca-1f54-4329-901e-946eacf6d69d,sport,https://www.9news.com.au/sport,9news,,Teen caught allegedly trying to enter AFL match with imitation gun ,sports,-1
Horror football fire which killed 56 spectators was blamed on Australian man,https://www.9news.com.au/world/today-in-history-may-11-what-happened-on-this-day-in-pictures/76ed8f8b-208c-4991-a310-d33ed4ed60b2,sport,https://www.9news.com.au/sport,9news,,Horror football fire which killed 56 spectators was blamed on Australian man ,sports,-1
Football clubs join forces to send underprivileged players to Madrid Cup,https://www.9news.com.au/national/pick-your-poison-showcase-football-clubs-join-forces-to-send-underprivileged-players-to-madrid-cup/c1c6f949-cce2-4317-97e3-dc6f84a4776d,sport,https://www.9news.com.au/sport,9news,,Football clubs join forces to send underprivileged players to Madrid Cup ,sports,-1
'Massive call' hands Raiders controversial golden point win,https://www.nine.com.au/sport/nrl/news-2025-canberra-raiders-melbourne-storm-result-video-highlights-trent-loiero-penalty-stefano-utoikamanu-josh-papalii-sin-bins-20250504-p5lwhz.html,sport,https://www.9news.com.au/sport,9news,,'Massive call' hands Raiders controversial golden point win ,sports,-1
Five charged after brawl at Sydney U7s football game,https://www.9news.com.au/national/soccer-brawl-sydney-fairfield-kids-match/9a104563-951b-4893-9250-f45d19c2cfc0,sport,https://www.9news.com.au/sport,9news,,Five charged after brawl at Sydney U7s football game ,sports,-1
Galvin returns in style as Tigers win 89-minute thriller,https://www.nine.com.au/sport/nrl/news-2025-wests-tigers-cronulla-sharks-results-highlights-video-lachlan-galvin-performance-20250427-p5lukx.html,sport,https://www.9news.com.au/sport,9news,,Galvin returns in style as Tigers win 89-minute thriller ,sports,-1
Ex-cricketer Michael Slater sentenced over DV offences,https://www.9news.com.au/national/michael-slater-sentenced-over-dv-offences/6b033e9c-2bb1-40b0-855d-d036897ba082,sport,https://www.9news.com.au/sport,9news,,Ex-cricketer Michael Slater sentenced over DV offences ,sports,-1
Shocking new details revealed about crash that killed teen footy player,https://www.9news.com.au/national/nick-campo-court-shocking-new-details-revealed-about-crash-that-killed-wa-teen/5d096dc2-39a9-4c73-9a42-d778b6b13b59,sport,https://www.9news.com.au/sport,9news,,Shocking new details revealed about crash that killed teen footy player ,sports,-1
Parachutist left dangling from stadium roof after rugby stunt misfire,https://www.9news.com.au/world/parachutist-carrying-rugby-match-ball-tangled-in-french-stadium-toulouse/0d2aa1bc-b114-4e6e-864f-56df4a0e00ba,sport,https://www.9news.com.au/sport,9news,,Parachutist left dangling from stadium roof after rugby stunt misfire ,sports,-1
Swifties turn concert into actual earthquake,https://www.9news.com.au/world/today-in-history-july-22-what-happened-on-this-day-in-pictures/1a289067-9b81-4717-ae8c-796cc228f66e,sport,https://www.9news.com.au/sport,9news,,Swifties turn concert into actual earthquake ,music,10
Lifestyle superpowers: World's top 10 'best' countries to live in revealed,https://www.9news.com.au/world/top-10-best-countries-for-2024/64c7b7ac-2020-4f35-9646-45382c3ef748,lifestyle,https://www.9news.com.au/lifestyle,9news,,Lifestyle superpowers: World's top 10 'best' countries to live in revealed ,lifestyle,-1
"Plant-based ultraprocessed foods linked to heart disease, early death",https://www.9news.com.au/world/vegan-plant-based-ultraprocessed-foods-linked-to-heart-disease-early-death-study/c3517180-812a-43f9-940d-9bc133580cb1,lifestyle,https://www.9news.com.au/lifestyle,9news,,"Plant-based ultraprocessed foods linked to heart disease, early death ",lifestyle,-1
How inflationary pressures are driving up the cost of vitamins,https://www.9news.com.au/national/cost-of-living-how-inflationary-pressures-are-driving-up-vitamin-prices/36928174-cdd7-4567-9663-b7488db94bfc,lifestyle,https://www.9news.com.au/lifestyle,9news,,How inflationary pressures are driving up the cost of vitamins ,finance,-1
UK bank moves to four-day work week without cutting pay,https://www.9news.com.au/world/atom-bank-four-day-week-best-for-working/79abc885-0f19-4572-83b6-cbe9e6729d71,lifestyle,https://www.9news.com.au/lifestyle,9news,,UK bank moves to four-day work week without cutting pay ,finance,-1
Lip Lab beauty guru to face court over ‘drug syndicate’ charges,https://www.9news.com.au/national/lip-lab-co-founder-kimberley-treacy-to-face-court-over-drug-syndicate-allegations-a-current-affair/d178972b-4d4d-4bdd-8c69-484169e393b1,lifestyle,https://www.9news.com.au/lifestyle,9news,,Lip Lab beauty guru to face court over ‘drug syndicate’ charges ,lifestyle,-1
Orthorexia Nervosa: When healthy lifestyle turns toxic obsession,https://www.9news.com.au/health/call-for-official-recognition-of-orthorexia-nervosa-where-healthy-lifestyle-turns-into-a-toxic-obsession/9e7b4a44-21d6-4fc3-a133-5d70c96c14e6,lifestyle,https://www.9news.com.au/lifestyle,9news,,Orthorexia Nervosa: When healthy lifestyle turns toxic obsession ,lifestyle,-1
Why now is the best time to book your next holiday,https://www.9news.com.au/national/click-frenzy-travel-deals-flights/0f4c1d4e-4331-407d-ba89-3efd76c240d7,lifestyle,https://www.9news.com.au/lifestyle,9news,,Why now is the best time to book your next holiday ,lifestyle,-1
Pageant winner hands back crown after 'offensive' #MeToo joke,https://www.9news.com.au/world/miss-masachusetts-hands-back-crown-after-metoo-joke/afffe11f-d308-4c8f-a545-981e1a633425,lifestyle,https://www.9news.com.au/lifestyle,9news,,Pageant winner hands back crown after 'offensive' #MeToo joke ,sports,-1
Dally and Spanky are show jumping champs,https://www.9news.com.au/world/dog-and-pony-best-friends/9325af11-df72-49c4-affc-e7838b63777b,lifestyle,https://www.9news.com.au/lifestyle,9news,,Dally and Spanky are show jumping champs ,lifestyle,-1
Inside the Aussie home of the future,https://www.9news.com.au/national/my-ideal-house-gledswood-hills-award-winning-home-madeline-blanchfield/f206dbdb-a349-4be4-9593-fecaf20049c8,lifestyle,https://www.9news.com.au/lifestyle,9news,,Inside the Aussie home of the future ,lifestyle,-1
New Google Calendar ‘Goals’ tool will organise your hobbies and aspirations,https://www.9news.com.au/technology/new-google-goals-tool-will-help-you-organise-your-hobbies-and-aspirations/b59ae76c-5be4-45a9-ab2a-37ba4a9d19c7,lifestyle,https://www.9news.com.au/lifestyle,9news,,New Google Calendar ‘Goals’ tool will organise your hobbies and aspirations ,sports,-1
Cats on mats entice fitness fans to Sydney yoga classes,https://www.9news.com.au/health/cats-on-mats-welcome-at-sell-out-sydney-yoga-classes/1acc50a7-4975-47c3-bc58-9404716ad39b,lifestyle,https://www.9news.com.au/lifestyle,9news,,Cats on mats entice fitness fans to Sydney yoga classes ,lifestyle,-1
Swifties turn concert into actual earthquake,https://www.9news.com.au/world/today-in-history-july-22-what-happened-on-this-day-in-pictures/1a289067-9b81-4717-ae8c-796cc228f66e,lifestyle,https://www.9news.com.au/lifestyle,9news,,Swifties turn concert into actual earthquake ,music,10
Surprise data adds to case for interest rate cut next month,https://www.9news.com.au/finance/unemployment-rate-june-2025-abs-data-interest-rates/26716d34-ab4d-4bfb-accf-d21bb375235b,finance,https://www.9news.com.au/finance,9news,,Surprise data adds to case for interest rate cut next month ,finance,-1
Why experts want to raise one of Australia's least popular taxes,https://www.9news.com.au/finance/gst-why-are-there-calls-to-change-it-australia-tax-system-explained/90b4e02e-8aec-4a15-8727-e2ba31209a98,finance,https://www.9news.com.au/finance,9news,,Why experts want to raise one of Australia's least popular taxes ,music,-1
The world's most important currency is suddenly sliding backwards,https://www.9news.com.au/finance/us-dollar-falling-why-worlds-king-currency-going-backwards-explained/a7d39032-98ca-4509-ae72-1967171b6ec6,finance,https://www.9news.com.au/finance,9news,,The world's most important currency is suddenly sliding backwards ,finance,-1
Big four bank cuts interest rates early,https://www.9news.com.au/finance/anz-cuts-interest-rates-before-rba-meeting/c6da96d8-fbab-4875-aabb-9ced2ce8d502,finance,https://www.9news.com.au/finance,9news,,Big four bank cuts interest rates early ,finance,-1
"Aussies paid $298b in tax, but dozens of millionaires didn't pay a cent",https://www.9news.com.au/finance/australia-tax-statistics-2022-23/5af0311c-d329-4fd6-a219-7442ce831505,finance,https://www.9news.com.au/finance,9news,,"Aussies paid $298b in tax, but dozens of millionaires didn't pay a cent ",finance,-1
Stunning turnaround: US stock market on precipice of all-time record,https://www.9news.com.au/finance/us-stock-market-on-precipice-of-all-time-record/b10c47a1-563b-4610-83d7-2acee55c0070,finance,https://www.9news.com.au/finance,9news,,Stunning turnaround: US stock market on precipice of all-time record ,finance,-1
Rate cut appears near-certain after surprise inflation data,https://www.9news.com.au/finance/monthly-inflation-2-1-per-cent-may-2025-abs-interest-rate-implications/0751eed3-3ba0-4b00-bf03-d847a05bc886,finance,https://www.9news.com.au/finance,9news,,Rate cut appears near-certain after surprise inflation data ,finance,-1
Oil prices surge and global markets retreat after Israel's strike on Iran,https://www.9news.com.au/finance/israel-iran-strikes-global-financial-markets-react-wall-street-oil-prices-surge/00c997b2-2748-44ed-b15e-4a05a5171564,finance,https://www.9news.com.au/finance,9news,,Oil prices surge and global markets retreat after Israel's strike on Iran ,finance,-1
Worst in 60 years: Major alarm bells ringing on economy,https://www.9news.com.au/finance/world-bank-global-financial-forecast/2af83c89-a7a9-4f1b-8694-a7e2f8cf46d4,finance,https://www.9news.com.au/finance,9news,,Worst in 60 years: Major alarm bells ringing on economy ,finance,-1
Renting out your investment? Complete this checklist first,https://www.9news.com.au/finance/renting-out-your-investment-complete-this-checklist-first/95abd10f-1b1c-480a-8cda-39206e7c2cc4,finance,https://www.9news.com.au/finance,9news,,Renting out your investment? Complete this checklist first ,finance,-1
"Australian economy struggles along to start the year, soft new data reveals",https://www.9news.com.au/finance/gdp-figures-australia-march-quarter/a0fdf1a8-cd01-4574-97d7-1e589ea50ee2,finance,https://www.9news.com.au/finance,9news,,"Australian economy struggles along to start the year, soft new data reveals ",finance,-1
Clothes retailers are paying the price for our unseasonably warm autumn,https://www.9news.com.au/finance/spending-data-april-warm-weather-hits-clothes-retailers/8df667ec-5132-4e69-a4cc-e78d6a63eaff,finance,https://www.9news.com.au/finance,9news,,Clothes retailers are paying the price for our unseasonably warm autumn ,sports,-1
"The 80,000 Aussies to be hit with new superannuation tax",https://www.9news.com.au/finance/superannuation-changes-2025-all-new-super-fund-changes-explained/6cf3ace6-fa21-4309-b20d-910028eae0a9,finance,https://www.9news.com.au/finance,9news,,"The 80,000 Aussies to be hit with new superannuation tax ",finance,-1
'Not nailed on': New inflation figures cast doubt on next rate cut,https://www.9news.com.au/finance/inflation-australia-april-cpi-egg-price-rise-interest-rates-implications/c1d4aba5-0bee-4a4b-b3e3-dc2d8e96e74d,finance,https://www.9news.com.au/finance,9news,,'Not nailed on': New inflation figures cast doubt on next rate cut ,finance,-1
Wall Street nosedive over Trump tax bill,https://www.9news.com.au/finance/dow-index-falls-800-points-amid-concerns-over-trump-tax-bill/004813bf-bb50-4a0c-bee9-07586c6ded5c,finance,https://www.9news.com.au/finance,9news,,Wall Street nosedive over Trump tax bill ,finance,-1
Millions of home owners holding out for more interest rate cuts: survey,https://www.9news.com.au/finance/more-interest-rate-cuts-needed-by-millions-of-mortgage-holders-finder-survey/4a80ce9e-6475-424b-8e02-771e1bf48064,finance,https://www.9news.com.au/finance,9news,,Millions of home owners holding out for more interest rate cuts: survey ,lifestyle,-1
Unemployment rate steady days before RBA interest rates meeting,https://www.9news.com.au/finance/unemployment-april-jobless-rate-steady-4-1-per-cent/14ef20ab-6cdf-4ad7-b251-9e4f4f9a5fe1,finance,https://www.9news.com.au/finance,9news,,Unemployment rate steady days before RBA interest rates meeting ,finance,-1
ASIC sues broking arm of investment bank Macquarie,https://www.9news.com.au/finance/asic-sues-broking-division-of-macquarie-investment-bank/f276b7e0-509c-44f4-9923-70609e1a37b2,finance,https://www.9news.com.au/finance,9news,,ASIC sues broking arm of investment bank Macquarie ,finance,-1
Aussies still pessimistic about economy despite easing inflation,https://www.9news.com.au/finance/cost-of-living-easing-why-many-aussies-still-feel-the-pinch-despite-lower-inflation/7a4bc908-1cc3-4b3a-9161-c566db2df111,finance,https://www.9news.com.au/finance,9news,,Aussies still pessimistic about economy despite easing inflation ,finance,-1
Stocks soar after US and China announce 90-day truce in trade war,https://www.9news.com.au/finance/stocks-sp-500-dow-jones-and-nasdaq-after-us-and-china-announce-90-day-truce-in-trade-war/be4897a3-18f6-4e70-9c57-75fbd4a7c459,finance,https://www.9news.com.au/finance,9news,,Stocks soar after US and China announce 90-day truce in trade war ,finance,-1
Big four bank jumps the gun on rate cut ahead of RBA meeting,https://www.9news.com.au/finance/finance-news-australia-anz-cuts-fixed-interest-rates/caa37d5a-0098-427d-a902-db9fc82f16b2,finance,https://www.9news.com.au/finance,9news,,Big four bank jumps the gun on rate cut ahead of RBA meeting ,finance,-1
Stocks leap in worldwide rally after Trump softens tough talk on trade,https://www.9news.com.au/finance/donald-trump-update-stocks-leaps-in-worldwide-rally-after-us-president-softens-tough-talk-on-trade-and-fed/9417a885-ee9f-46e9-add4-0bb28b60501e,finance,https://www.9news.com.au/finance,9news,,Stocks leap in worldwide rally after Trump softens tough talk on trade ,finance,-1
Stocks tumbles as China tariffs set even higher than thought,https://www.9news.com.au/finance/donald-trump-tariffs-update-us-stocks-lose-as-white-house-reveals-china-tariffs-higher-than-thought/e3247618-6252-4962-b068-17637f361640,finance,https://www.9news.com.au/finance,9news,,Stocks tumbles as China tariffs set even higher than thought ,finance,-1
US stocks soar 7% after Trump pauses some of his tariffs,https://www.9news.com.au/finance/donald-trump-tariffs-update-us-stocks-shake-in-twitchy-trading-as-bonds-show-more-stress/509e28f1-b4c9-41d3-a05e-8ebaf8baf01f,finance,https://www.9news.com.au/finance,9news,,US stocks soar 7% after Trump pauses some of his tariffs ,finance,-1
Single Trump sentence spells potentially dire news for Aussie industry,https://www.9news.com.au/finance/donald-trump-tariffs-threat-pharmaceuticals-tax-impact-australia/ad93f968-af04-4218-885e-6e8caef8b9d9,finance,https://www.9news.com.au/finance,9news,,Single Trump sentence spells potentially dire news for Aussie industry ,music,-1
What to do in the face of financial market uncertainty,https://www.9news.com.au/finance/markets-today-what-to-do-in-the-face-of-financial-market-uncertainty/c7a59493-708d-4139-a8ef-eca23aa4ab17,finance,https://www.9news.com.au/finance,9news,,What to do in the face of financial market uncertainty ,finance,-1
Super-sized interest rate cut within weeks 'can't be ruled out',https://www.9news.com.au/finance/interest-rates-australia-chance-50-basis-point-cut/200edb52-825d-41ac-a173-6c146259fa55,finance,https://www.9news.com.au/finance,9news,,Super-sized interest rate cut within weeks 'can't be ruled out' ,finance,-1
Stocks rise after historic losses sparked by Trump's tariffs,https://www.9news.com.au/finance/donald-trump-tariffs-update-stocks-rise-on-wall-street-after-historic-losses/e321b217-a020-4d66-bd50-8767a70457fd,finance,https://www.9news.com.au/finance,9news,,Stocks rise after historic losses sparked by Trump's tariffs ,finance,-1
Treasurer flags 'multiple' interest rate cuts amid market turmoil,https://www.9news.com.au/finance/interest-rate-cut-expected-in-may-amid-global-economic-uncertainty/9009b72a-c8f2-471f-94d8-cae0d8154b5e,finance,https://www.9news.com.au/finance,9news,,Treasurer flags 'multiple' interest rate cuts amid market turmoil ,finance,-1
Australian economy to dodge worst tariff impacts – but there's a catch,https://www.9news.com.au/finance/donald-trump-tariffs-treasury-analysis-impact-australia-economy/f69e0f3c-afe4-4780-af01-55836c4b3016,finance,https://www.9news.com.au/finance,9news,,Australian economy to dodge worst tariff impacts – but there's a catch ,finance,-1
Aussie share market loses $57 billion in biggest drop in eight months,https://www.9news.com.au/finance/trump-tariff-news-australian-shares-lose-35-billion-dollars/d1ee71b6-9096-40aa-bc1e-e131e6321072,finance,https://www.9news.com.au/finance,9news,,Aussie share market loses $57 billion in biggest drop in eight months ,finance,-1
How hard will Trump's new tariffs impact the Australian economy?,https://www.9news.com.au/finance/donald-trump-tariffs-economic-impact-australia-explained/a4f2524c-612b-455a-99b3-7162e35f1485,finance,https://www.9news.com.au/finance,9news,,How hard will Trump's new tariffs impact the Australian economy? ,finance,-1
Markets plunge as Trump tariffs deliver shock waves to world economy,https://www.9news.com.au/finance/donald-trump-tariffs-stocks-tumble-after-latest-tariff-volley-heightens-chance-of-broader-trade-war/fc8b3ea5-fc40-4d70-82f7-21abb4707f08,finance,https://www.9news.com.au/finance,9news,,Markets plunge as Trump tariffs deliver shock waves to world economy ,finance,-1
Swifties turn concert into actual earthquake,https://www.9news.com.au/world/today-in-history-july-22-what-happened-on-this-day-in-pictures/1a289067-9b81-4717-ae8c-796cc228f66e,finance,https://www.9news.com.au/finance,9news,,Swifties turn concert into actual earthquake ,music,10
‘You’ve got me’: NRL great learns fate following high-range drink driving,https://www.skynews.com.au/australia-news/sport,sport,https://www.skynews.com.au/sport,skynews,,‘You’ve got me’: NRL great learns fate following high-range drink driving ,sports,-1
Newcastle Knights set to tear up coach’s contract while star fullback eyes exit,https://www.skynews.com.au/australia-news/sport,sport,https://www.skynews.com.au/sport,skynews,,Newcastle Knights set to tear up coach’s contract while star fullback eyes exit ,sports,-1
Noel Pearson slammed for ‘bagging’ out 2032 Brisbane Olympics,https://www.skynews.com.au/australia-news/sport,sport,https://www.skynews.com.au/sport,skynews,,Noel Pearson slammed for ‘bagging’ out 2032 Brisbane Olympics ,sports,-1
‘Crossed the line’: Collingwood member handed hefty ban after threatening Carlton coach,https://www.skynews.com.au/australia-news/sport,sport,https://www.skynews.com.au/sport,skynews,,‘Crossed the line’: Collingwood member handed hefty ban after threatening Carlton coach ,sports,-1
Christian Horner sacked from Red Bull F1 team,https://www.skynews.com.au/australia-news/sport,sport,https://www.skynews.com.au/sport,skynews,,Christian Horner sacked from Red Bull F1 team ,sports,-1
‘Completely unacceptable’: Carlton coach targeted in disturbing threat amid club turmoil,https://www.skynews.com.au/australia-news/sport,sport,https://www.skynews.com.au/sport,skynews,,‘Completely unacceptable’: Carlton coach targeted in disturbing threat amid club turmoil ,sports,-1
Police reveal likely reason behind crash which killed football star and brother,https://www.skynews.com.au/australia-news/sport,sport,https://www.skynews.com.au/sport,skynews,,Police reveal likely reason behind crash which killed football star and brother ,sports,-1
Queensland captain Cameron Munster to play Origin III following tragic death of father,https://www.skynews.com.au/australia-news/sport,sport,https://www.skynews.com.au/sport,skynews,,Queensland captain Cameron Munster to play Origin III following tragic death of father ,sports,-1
Queensland facing tradie shortfall crisis over 2032 Olympics build,https://www.skynews.com.au/australia-news/sport,sport,https://www.skynews.com.au/sport,skynews,,Queensland facing tradie shortfall crisis over 2032 Olympics build ,sports,-1
Aussie teen makes winning Wimbledon debut as famous father watches on,https://www.skynews.com.au/australia-news/sport,sport,https://www.skynews.com.au/sport,skynews,,Aussie teen makes winning Wimbledon debut as famous father watches on ,sports,-1
Maroons captain rocked by tragic death of his father,https://www.skynews.com.au/australia-news/sport,sport,https://www.skynews.com.au/sport,skynews,,Maroons captain rocked by tragic death of his father ,music,11
State of Origin captain rocked by tragic death of father,https://www.skynews.com.au/australia-news/sport,sport,https://www.skynews.com.au/sport,skynews,,State of Origin captain rocked by tragic death of father ,music,11
Documents reveal new Olympic train station and stadium planned for Brisbane Games,https://www.skynews.com.au/australia-news/sport,sport,https://www.skynews.com.au/sport,skynews,,Documents reveal new Olympic train station and stadium planned for Brisbane Games ,sports,-1
‘A slap in the face’: Cricket Australia accused of failing key test after Australia Day snub,https://www.skynews.com.au/australia-news/sport,sport,https://www.skynews.com.au/sport,skynews,,‘A slap in the face’: Cricket Australia accused of failing key test after Australia Day snub ,sports,-1
‘Pathetic’: Cricket chiefs blasted for woke Australia Day call,https://www.skynews.com.au/australia-news/sport,sport,https://www.skynews.com.au/sport,skynews,,‘Pathetic’: Cricket chiefs blasted for woke Australia Day call ,sports,-1
Royal family member found dead with ‘firearm nearby’,https://www.skynews.com.au/lifestyle/celebrity-life/she-will-be-sorely-missed-prince-william-and-prince-harrys-20yearold-cousin-rosie-roche-found-dead-at-family-home-with-a-firearm-nearby-inquest-hears/news-story/ecf8a672ea9c01d36678332d3c80b83c,lifestyle,https://www.skynews.com.au/lifestyle,skynews,,Royal family member found dead with ‘firearm nearby’ ,lifestyle,-1
Social media furious over wedding DJ contract clause on being a ‘bridezilla’,https://www.skynews.com.au/lifestyle/reddit-users-divided-over-wedding-dj-contract-which-bans-clients-from-turning-into-a-bridezilla/news-story/0be17693baaccfd0fedf28898add0df3,lifestyle,https://www.skynews.com.au/lifestyle,skynews,,Social media furious over wedding DJ contract clause on being a ‘bridezilla’ ,music,-1
Fake account of Coldplay concert CEO’s daughter goes viral,https://www.skynews.com.au/lifestyle/viral-social-media-account-pretending-to-be-coldplay-concert-ceos-daughter-exposed-as-fake/news-story/9b333a2008bea31d4b70282e959b518c,lifestyle,https://www.skynews.com.au/lifestyle,skynews,,Fake account of Coldplay concert CEO’s daughter goes viral ,music,-1
Sad news for popular surf spot at Aussie favourite tourist destination,https://www.skynews.com.au/lifestyle/demolition-of-businesses-begins-at-popular-bali-surf-spot-bingin-beach-voiding-bookings-of-australian-travellers/news-story/2cf246a92ec184c386af9715ed4d38f3,lifestyle,https://www.skynews.com.au/lifestyle,skynews,,Sad news for popular surf spot at Aussie favourite tourist destination ,music,-1
‘There is pressure’: Late night TV in the ‘crosshairs’ following axing of Colbert’s show,https://www.skynews.com.au/lifestyle/arts-and-culture,lifestyle,https://www.skynews.com.au/lifestyle,skynews,,‘There is pressure’: Late night TV in the ‘crosshairs’ following axing of Colbert’s show ,sports,-1
Health alert for Queensland after second ever Australian case of Clade 1 strain of monkeypox detected,https://www.skynews.com.au/lifestyle/health,lifestyle,https://www.skynews.com.au/lifestyle,skynews,,Health alert for Queensland after second ever Australian case of Clade 1 strain of monkeypox detected ,lifestyle,-1
Astronomer CEO resigns after Coldplay kiss-cam incident sparks online outrage,https://www.skynews.com.au/lifestyle/trending,lifestyle,https://www.skynews.com.au/lifestyle,skynews,,Astronomer CEO resigns after Coldplay kiss-cam incident sparks online outrage ,lifestyle,-1
Nicole Kidman shares much-awaited post with beloved co-star,https://www.skynews.com.au/lifestyle/celebrity-life,lifestyle,https://www.skynews.com.au/lifestyle,skynews,,Nicole Kidman shares much-awaited post with beloved co-star ,finance,-1
Major development in CEO’s ‘cheating’ scandal at Coldplay concert,https://www.skynews.com.au/lifestyle,lifestyle,https://www.skynews.com.au/lifestyle,skynews,,Major development in CEO’s ‘cheating’ scandal at Coldplay concert ,music,-1
‘Taxpayers pay twice’: Energy crisis forces Labor to consider ‘band aid solutions’ for failing metal smelters,https://www.skynews.com.au/business/energy/energy-crisis-forces-labor-to-mull-band-aid-solutions-for-failing-metal-smelters-as-energy-crisis-plagues-manufacturers/news-story/31c95fb8d9de39f254d65c7e31b3311a,finance,https://www.skynews.com.au/business,skynews,,‘Taxpayers pay twice’: Energy crisis forces Labor to consider ‘band aid solutions’ for failing metal smelters ,music,-1
Behind the crackdown on $14b of drug money laundering,https://www.skynews.com.au/business/finance/austrac-broadens-scope-of-antimoney-laundering-crackdown-to-target-billions-of-dollars-of-drug-money-investment/news-story/5e6bfb482d99b2c59baa0e3171f0e42a,finance,https://www.skynews.com.au/business,skynews,,Behind the crackdown on $14b of drug money laundering ,finance,12
Business Weekend | 20 July,https://www.skynews.com.au/stream/news-shows/business-weekend/business-weekend-20-july/video/564cf52dd05cf288c0c4227e80647036,finance,https://www.skynews.com.au/business,skynews,,Business Weekend | 20 July ,finance,13
Business Weekend | 6 July,https://www.skynews.com.au/stream/news-shows/business-weekend/business-weekend-6-july/video/3be1375cebb92057d261bf64cf6335e3,finance,https://www.skynews.com.au/business,skynews,,Business Weekend | 6 July ,finance,13
Business Weekend | 22 June,https://www.skynews.com.au/stream/news-shows/business-weekend/business-weekend-22-june/video/cb6fe75974806b0dfd625ce7eb27d128,finance,https://www.skynews.com.au/business,skynews,,Business Weekend | 22 June ,finance,-1
US and European markets ‘baulk’ at higher rate of tariffs on EU imports,https://www.skynews.com.au/business/markets,finance,https://www.skynews.com.au/business,skynews,,US and European markets ‘baulk’ at higher rate of tariffs on EU imports ,finance,-1
Behind the crackdown on $14b of drug money laundering,https://www.skynews.com.au/business/finance,finance,https://www.skynews.com.au/business,skynews,,Behind the crackdown on $14b of drug money laundering ,finance,12
RBA ‘made a mistake’ with shock interest rate hold,https://www.skynews.com.au/business/finance,finance,https://www.skynews.com.au/business,skynews,,RBA ‘made a mistake’ with shock interest rate hold ,finance,-1
Markets to open on ‘positive footing’,https://www.skynews.com.au/business/markets,finance,https://www.skynews.com.au/business,skynews,,Markets to open on ‘positive footing’ ,finance,-1
‘Slow down in the labour market’: Unemployment rate rises to 4.3 per cent from 4.1 per cent,https://www.skynews.com.au/business,finance,https://www.skynews.com.au/business,skynews,,‘Slow down in the labour market’: Unemployment rate rises to 4.3 per cent from 4.1 per cent ,finance,-1
Major delivery service partners with Afterpay as younger Aussies abandon credit cards,https://www.skynews.com.au/business/markets,finance,https://www.skynews.com.au/business,skynews,,Major delivery service partners with Afterpay as younger Aussies abandon credit cards ,music,-1
